Employee_ID,Work_Hours_Avg,Sentiment_Score,Performance_Rating,Tenure_Months,Salary_Hike_Pct,Burnout_Risk_Level,Attrition_Probability,Class_Label_Attrition
TN0000,8.0,0.5,3.0,24.0,15.0,Low Risk (Cluster: Stable),0.1,No
TN0001,8.0,0.5,3.0,24.0,15.0,Low Risk (Cluster: Stable),0.1,No
TN0002,8.0,0.5,3.0,24.0,15.0,Low Risk (Cluster: Stable),0.1,No
TN0003,8.0,0.5,3.0,24.0,15.0,Low Risk (Cluster: Stable),0.1,No
TN0004,8.0,0.5,3.0,24.0,15.0,Low Risk (Cluster: Stable),0.1,No
TN0005,8.0,0.5,3.0,24.0,15.0,Low Risk (Cluster: Stable),0.1,No
TN0006,8.0,0.5,3.0,24.0,15.0,Low Risk (Cluster: Stable),0.1,No
TN0007,8.0,0.5,3.0,24.0,15.0,Low Risk (Cluster: Stable),0.1,No
TN0008,8.0,0.5,3.0,24.0,15.0,Low Risk (Cluster: Stable),0.1,No
TN0009,8.0,0.5,3.0,24.0,15.0,Low Risk (Cluster: Stable),0.1,No
TN0010,8.0,0.5,3.0,24.0,15.0,Low Risk (Cluster: Stable),0.1,No
TN0011,8.0,0.5,3.0,24.0,15.0,Low Risk (Cluster: Stable),0.1,No
TN0012,8.0,0.5,3.0,24.0,15.0,Low Risk (Cluster: Stable),0.1,No
TN0013,8.0,0.5,3.0,24.0,15.0,Low Risk (Cluster: Stable),0.1,No
TN0014,8.0,0.5,3.0,24.0,15.0,Low Risk (Cluster: Stable),0.1,No
TN0015,8.0,0.5,3.0,24.0,15.0,Low Risk (Cluster: Stable),0.1,No
TN0016,8.0,0.5,3.0,24.0,15.0,Low Risk (Cluster: Stable),0.1,No
TN0017,8.0,0.5,3.0,24.0,15.0,Low Risk (Cluster: Stable),0.1,No
TN0018,8.0,0.5,3.0,24.0,15.0,Low Risk (Cluster: Stable),0.1,No
TN0019,8.0,0.5,3.0,24.0,15.0,Low Risk (Cluster: Stable),0.1,No
TN0020,8.0,0.5,3.0,24.0,15.0,Low Risk (Cluster: Stable),0.1,No
TN0021,8.0,0.5,3.0,24.0,15.0,Low Risk (Cluster: Stable),0.1,No
TN0022,8.0,0.5,3.0,24.0,15.0,Low Risk (Cluster: Stable),0.1,No
TN0023,8.0,0.5,3.0,24.0,15.0,Low Risk (Cluster: Stable),0.1,No
TN0024,8.0,0.5,3.0,24.0,15.0,Low Risk (Cluster: Stable),0.1,No
TN0025,8.0,0.5,3.0,24.0,15.0,Low Risk (Cluster: Stable),0.1,No
TN0026,8.0,0.5,3.0,24.0,15.0,Low Risk (Cluster: Stable),0.1,No
TN0027,8.0,0.5,3.0,24.0,15.0,Low Risk (Cluster: Stable),0.1,No
TN0028,8.0,0.5,3.0,24.0,15.0,Low Risk (Cluster: Stable),0.1,No
TN0029,8.0,0.5,3.0,24.0,15.0,Low Risk (Cluster: Stable),0.1,No
TN0030,8.0,0.5,3.0,24.0,15.0,Low Risk (Cluster: Stable),0.1,No
TN0031,8.0,0.5,3.0,24.0,15.0,Low Risk (Cluster: Stable),0.1,No
TN0032,8.0,0.5,3.0,24.0,15.0,Low Risk (Cluster: Stable),0.1,No
TN0033,8.0,0.5,3.0,24.0,15.0,Low Risk (Cluster: Stable),0.1,No
TN0034,8.0,0.5,3.0,24.0,15.0,Low Risk (Cluster: Stable),0.1,No
TN0035,8.0,0.5,3.0,24.0,15.0,Low Risk (Cluster: Stable),0.1,No
TN0036,8.0,0.5,3.0,24.0,15.0,Low Risk (Cluster: Stable),0.1,No
TN0037,8.0,0.5,3.0,24.0,15.0,Low Risk (Cluster: Stable),0.1,No
TN0038,8.0,0.5,3.0,24.0,15.0,Low Risk (Cluster: Stable),0.1,No
TN0039,8.0,0.5,3.0,24.0,15.0,Low Risk (Cluster: Stable),0.1,No
TN0040,8.0,0.5,3.0,24.0,15.0,Low Risk (Cluster: Stable),0.1,No
TN0041,8.0,0.5,3.0,24.0,15.0,Low Risk (Cluster: Stable),0.1,No
TN0042,8.0,0.5,3.0,24.0,15.0,Low Risk (Cluster: Stable),0.1,No
TN0043,8.0,0.5,3.0,24.0,15.0,Low Risk (Cluster: Stable),0.1,No
TN0044,8.0,0.5,3.0,24.0,15.0,Low Risk (Cluster: Stable),0.1,No
TN0045,8.0,0.5,3.0,24.0,15.0,Low Risk (Cluster: Stable),0.1,No
TN0046,8.0,0.5,3.0,24.0,15.0,Low Risk (Cluster: Stable),0.1,No
TN0047,8.0,0.5,3.0,24.0,15.0,Low Risk (Cluster: Stable),0.1,No
TN0048,8.0,0.5,3.0,24.0,15.0,Low Risk (Cluster: Stable),0.1,No
TN0049,8.0,0.5,3.0,24.0,15.0,Low Risk (Cluster: Stable),0.1,No
TN0050,8.0,0.5,3.0,24.0,15.0,Low Risk (Cluster: Stable),0.1,No
TN0051,8.0,0.5,3.0,24.0,15.0,Low Risk (Cluster: Stable),0.1,No
TN0052,8.0,0.5,3.0,24.0,15.0,Low Risk (Cluster: Stable),0.1,No
TN0053,8.0,0.5,3.0,24.0,15.0,Low Risk (Cluster: Stable),0.1,No
TN0054,8.0,0.5,3.0,24.0,15.0,Low Risk (Cluster: Stable),0.1,No
TN0055,8.0,0.5,3.0,24.0,15.0,Low Risk (Cluster: Stable),0.1,No
TN0056,8.0,0.5,3.0,24.0,15.0,Low Risk (Cluster: Stable),0.1,No
TN0057,8.0,0.5,3.0,24.0,15.0,Low Risk (Cluster: Stable),0.1,No
TN0058,8.0,0.5,3.0,24.0,15.0,Low Risk (Cluster: Stable),0.1,No
TN0059,8.0,0.5,3.0,24.0,15.0,Low Risk (Cluster: Stable),0.1,No
TN0060,8.0,0.5,3.0,24.0,15.0,Low Risk (Cluster: Stable),0.1,No
TN0061,8.0,0.5,3.0,24.0,15.0,Low Risk (Cluster: Stable),0.1,No
TN0062,8.0,0.5,3.0,24.0,15.0,Low Risk (Cluster: Stable),0.1,No
TN0063,8.0,0.5,3.0,24.0,15.0,Low Risk (Cluster: Stable),0.1,No
TN0064,8.0,0.5,3.0,24.0,15.0,Low Risk (Cluster: Stable),0.1,No
TN0065,8.0,0.5,3.0,24.0,15.0,Low Risk (Cluster: Stable),0.1,No
TN0066,8.0,0.5,3.0,24.0,15.0,Low Risk (Cluster: Stable),0.1,No
TN0067,8.0,0.5,3.0,24.0,15.0,Low Risk (Cluster: Stable),0.1,No
TN0068,8.0,0.5,3.0,24.0,15.0,Low Risk (Cluster: Stable),0.1,No
TN0069,8.0,0.5,3.0,24.0,15.0,Low Risk (Cluster: Stable),0.1,No
TN0070,8.0,0.5,3.0,24.0,15.0,Low Risk (Cluster: Stable),0.1,No
TN0071,8.0,0.5,3.0,24.0,15.0,Low Risk (Cluster: Stable),0.1,No
TN0072,8.0,0.5,3.0,24.0,15.0,Low Risk (Cluster: Stable),0.1,No
TN0073,8.0,0.5,3.0,24.0,15.0,Low Risk (Cluster: Stable),0.1,No
TN0074,8.0,0.5,3.0,24.0,15.0,Low Risk (Cluster: Stable),0.1,No
TN0075,8.0,0.5,3.0,24.0,15.0,Low Risk (Cluster: Stable),0.1,No
TN0076,8.0,0.5,3.0,24.0,15.0,Low Risk (Cluster: Stable),0.1,No
TN0077,8.0,0.5,3.0,24.0,15.0,Low Risk (Cluster: Stable),0.1,No
TN0078,8.0,0.5,3.0,24.0,15.0,Low Risk (Cluster: Stable),0.1,No
TN0079,8.0,0.5,3.0,24.0,15.0,Low Risk (Cluster: Stable),0.1,No
TN0080,8.0,0.5,3.0,24.0,15.0,Low Risk (Cluster: Stable),0.1,No
TN0081,8.0,0.5,3.0,24.0,15.0,Low Risk (Cluster: Stable),0.1,No
TN0082,8.0,0.5,3.0,24.0,15.0,Low Risk (Cluster: Stable),0.1,No
TN0083,8.0,0.5,3.0,24.0,15.0,Low Risk (Cluster: Stable),0.1,No
TN0084,8.0,0.5,3.0,24.0,15.0,Low Risk (Cluster: Stable),0.1,No
TN0085,8.0,0.5,3.0,24.0,15.0,Low Risk (Cluster: Stable),0.1,No
TN0086,8.0,0.5,3.0,24.0,15.0,Low Risk (Cluster: Stable),0.1,No
TN0087,8.0,0.5,3.0,24.0,15.0,Low Risk (Cluster: Stable),0.1,No
TN0088,8.0,0.5,3.0,24.0,15.0,Low Risk (Cluster: Stable),0.1,No
TN0089,8.0,0.5,3.0,24.0,15.0,Low Risk (Cluster: Stable),0.1,No
TN0090,8.0,0.5,3.0,24.0,15.0,Low Risk (Cluster: Stable),0.1,No
TN0091,8.0,0.5,3.0,24.0,15.0,Low Risk (Cluster: Stable),0.1,No
TN0092,8.0,0.5,3.0,24.0,15.0,Low Risk (Cluster: Stable),0.1,No
TN0093,8.0,0.5,3.0,24.0,15.0,Low Risk (Cluster: Stable),0.1,No
TN0094,8.0,0.5,3.0,24.0,15.0,Low Risk (Cluster: Stable),0.1,No
TN0095,8.0,0.5,3.0,24.0,15.0,Low Risk (Cluster: Stable),0.1,No
TN0096,8.0,0.5,3.0,24.0,15.0,Low Risk (Cluster: Stable),0.1,No
TN0097,8.0,0.5,3.0,24.0,15.0,Low Risk (Cluster: Stable),0.1,No
TN0098,8.0,0.5,3.0,24.0,15.0,Low Risk (Cluster: Stable),0.1,No
TN0099,8.0,0.5,3.0,24.0,15.0,Low Risk (Cluster: Stable),0.1,No
TN0100,8.0,0.5,3.0,24.0,15.0,Low Risk (Cluster: Stable),0.1,No
TN0101,8.0,0.5,3.0,24.0,15.0,Low Risk (Cluster: Stable),0.1,No
TN0102,8.0,0.5,3.0,24.0,15.0,Low Risk (Cluster: Stable),0.1,No
TN0103,8.0,0.5,3.0,24.0,15.0,Low Risk (Cluster: Stable),0.1,No
TN0104,8.0,0.5,3.0,24.0,15.0,Low Risk (Cluster: Stable),0.1,No
TN0105,8.0,0.5,3.0,24.0,15.0,Low Risk (Cluster: Stable),0.1,No
TN0106,8.0,0.5,3.0,24.0,15.0,Low Risk (Cluster: Stable),0.1,No
TN0107,8.0,0.5,3.0,24.0,15.0,Low Risk (Cluster: Stable),0.1,No
TN0108,8.0,0.5,3.0,24.0,15.0,Low Risk (Cluster: Stable),0.1,No
TN0109,8.0,0.5,3.0,24.0,15.0,Low Risk (Cluster: Stable),0.1,No
TN0110,8.0,0.5,3.0,24.0,15.0,Low Risk (Cluster: Stable),0.1,No
TN0111,8.0,0.5,3.0,24.0,15.0,Low Risk (Cluster: Stable),0.1,No
TN0112,8.0,0.5,3.0,24.0,15.0,Low Risk (Cluster: Stable),0.1,No
TN0113,8.0,0.5,3.0,24.0,15.0,Low Risk (Cluster: Stable),0.1,No
TN0114,8.0,0.5,3.0,24.0,15.0,Low Risk (Cluster: Stable),0.1,No
TN0115,8.0,0.5,3.0,24.0,15.0,Low Risk (Cluster: Stable),0.1,No
TN0116,8.0,0.5,3.0,24.0,15.0,Low Risk (Cluster: Stable),0.1,No
TN0117,8.0,0.5,3.0,24.0,15.0,Low Risk (Cluster: Stable),0.1,No
TN0118,8.0,0.5,3.0,24.0,15.0,Low Risk (Cluster: Stable),0.1,No
TN0119,8.0,0.5,3.0,24.0,15.0,Low Risk (Cluster: Stable),0.1,No
TN0120,8.0,0.5,3.0,24.0,15.0,Low Risk (Cluster: Stable),0.1,No
TN0121,8.0,0.5,3.0,24.0,15.0,Low Risk (Cluster: Stable),0.1,No
TN0122,8.0,0.5,3.0,24.0,15.0,Low Risk (Cluster: Stable),0.1,No
TN0123,8.0,0.5,3.0,24.0,15.0,Low Risk (Cluster: Stable),0.1,No
TN0124,8.0,0.5,3.0,24.0,15.0,Low Risk (Cluster: Stable),0.1,No
TN0125,8.0,0.5,3.0,24.0,15.0,Low Risk (Cluster: Stable),0.1,No
TN0126,8.0,0.5,3.0,24.0,15.0,Low Risk (Cluster: Stable),0.1,No
TN0127,8.0,0.5,3.0,24.0,15.0,Low Risk (Cluster: Stable),0.1,No
TN0128,8.0,0.5,3.0,24.0,15.0,Low Risk (Cluster: Stable),0.1,No
TN0129,8.0,0.5,3.0,24.0,15.0,Low Risk (Cluster: Stable),0.1,No
TN0130,8.0,0.5,3.0,24.0,15.0,Low Risk (Cluster: Stable),0.1,No
TN0131,8.0,0.5,3.0,24.0,15.0,Low Risk (Cluster: Stable),0.1,No
TN0132,8.0,0.5,3.0,24.0,15.0,Low Risk (Cluster: Stable),0.1,No
TN0133,8.0,0.5,3.0,24.0,15.0,Low Risk (Cluster: Stable),0.1,No
TN0134,8.0,0.5,3.0,24.0,15.0,Low Risk (Cluster: Stable),0.1,No
TN0135,8.0,0.5,3.0,24.0,15.0,Low Risk (Cluster: Stable),0.1,No
TN0136,8.0,0.5,3.0,24.0,15.0,Low Risk (Cluster: Stable),0.1,No
TN0137,8.0,0.5,3.0,24.0,15.0,Low Risk (Cluster: Stable),0.1,No
TN0138,8.0,0.5,3.0,24.0,15.0,Low Risk (Cluster: Stable),0.1,No
TN0139,8.0,0.5,3.0,24.0,15.0,Low Risk (Cluster: Stable),0.1,No
TN0140,8.0,0.5,3.0,24.0,15.0,Low Risk (Cluster: Stable),0.1,No
TN0141,8.0,0.5,3.0,24.0,15.0,Low Risk (Cluster: Stable),0.1,No
TN0142,8.0,0.5,3.0,24.0,15.0,Low Risk (Cluster: Stable),0.1,No
TN0143,8.0,0.5,3.0,24.0,15.0,Low Risk (Cluster: Stable),0.1,No
TN0144,8.0,0.5,3.0,24.0,15.0,Low Risk (Cluster: Stable),0.1,No
TN0145,8.0,0.5,3.0,24.0,15.0,Low Risk (Cluster: Stable),0.1,No
TN0146,8.0,0.5,3.0,24.0,15.0,Low Risk (Cluster: Stable),0.1,No
TN0147,8.0,0.5,3.0,24.0,15.0,Low Risk (Cluster: Stable),0.1,No
TN0148,8.0,0.5,3.0,24.0,15.0,Low Risk (Cluster: Stable),0.1,No
TN0149,8.0,0.5,3.0,24.0,15.0,Low Risk (Cluster: Stable),0.1,No
TN0150,8.0,0.5,3.0,24.0,15.0,Low Risk (Cluster: Stable),0.1,No
TN0151,8.0,0.5,3.0,24.0,15.0,Low Risk (Cluster: Stable),0.1,No
TN0152,8.0,0.5,3.0,24.0,15.0,Low Risk (Cluster: Stable),0.1,No
TN0153,8.0,0.5,3.0,24.0,15.0,Low Risk (Cluster: Stable),0.1,No
TN0154,8.0,0.5,3.0,24.0,15.0,Low Risk (Cluster: Stable),0.1,No
TN0155,8.0,0.5,3.0,24.0,15.0,Low Risk (Cluster: Stable),0.1,No
TN0156,8.0,0.5,3.0,24.0,15.0,Low Risk (Cluster: Stable),0.1,No
TN0157,8.0,0.5,3.0,24.0,15.0,Low Risk (Cluster: Stable),0.1,No
TN0158,8.0,0.5,3.0,24.0,15.0,Low Risk (Cluster: Stable),0.1,No
TN0159,8.0,0.5,3.0,24.0,15.0,Low Risk (Cluster: Stable),0.1,No
TN0160,8.0,0.5,3.0,24.0,15.0,Low Risk (Cluster: Stable),0.1,No
TN0161,8.0,0.5,3.0,24.0,15.0,Low Risk (Cluster: Stable),0.1,No
TN0162,8.0,0.5,3.0,24.0,15.0,Low Risk (Cluster: Stable),0.1,No
TN0163,8.0,0.5,3.0,24.0,15.0,Low Risk (Cluster: Stable),0.1,No
TN0164,8.0,0.5,3.0,24.0,15.0,Low Risk (Cluster: Stable),0.1,No
TN0165,8.0,0.5,3.0,24.0,15.0,Low Risk (Cluster: Stable),0.1,No
TN0166,8.0,0.5,3.0,24.0,15.0,Low Risk (Cluster: Stable),0.1,No
TN0167,8.0,0.5,3.0,24.0,15.0,Low Risk (Cluster: Stable),0.1,No
TN0168,8.0,0.5,3.0,24.0,15.0,Low Risk (Cluster: Stable),0.1,No
TN0169,8.0,0.5,3.0,24.0,15.0,Low Risk (Cluster: Stable),0.1,No
TN0170,8.0,0.5,3.0,24.0,15.0,Low Risk (Cluster: Stable),0.1,No
TN0171,8.0,0.5,3.0,24.0,15.0,Low Risk (Cluster: Stable),0.1,No
TN0172,8.0,0.5,3.0,24.0,15.0,Low Risk (Cluster: Stable),0.1,No
TN0173,8.0,0.5,3.0,24.0,15.0,Low Risk (Cluster: Stable),0.1,No
TN0174,8.0,0.5,3.0,24.0,15.0,Low Risk (Cluster: Stable),0.1,No
TN0175,8.0,0.5,3.0,24.0,15.0,Low Risk (Cluster: Stable),0.1,No
TN0176,8.0,0.5,3.0,24.0,15.0,Low Risk (Cluster: Stable),0.1,No
TN0177,8.0,0.5,3.0,24.0,15.0,Low Risk (Cluster: Stable),0.1,No
TN0178,8.0,0.5,3.0,24.0,15.0,Low Risk (Cluster: Stable),0.1,No
TN0179,8.0,0.5,3.0,24.0,15.0,Low Risk (Cluster: Stable),0.1,No
TN0180,8.0,0.5,3.0,24.0,15.0,Low Risk (Cluster: Stable),0.1,No
TN0181,8.0,0.5,3.0,24.0,15.0,Low Risk (Cluster: Stable),0.1,No
TN0182,8.0,0.5,3.0,24.0,15.0,Low Risk (Cluster: Stable),0.1,No
TN0183,8.0,0.5,3.0,24.0,15.0,Low Risk (Cluster: Stable),0.1,No
TN0184,8.0,0.5,3.0,24.0,15.0,Low Risk (Cluster: Stable),0.1,No
TN0185,8.0,0.5,3.0,24.0,15.0,Low Risk (Cluster: Stable),0.1,No
TN0186,8.0,0.5,3.0,24.0,15.0,Low Risk (Cluster: Stable),0.1,No
TN0187,8.0,0.5,3.0,24.0,15.0,Low Risk (Cluster: Stable),0.1,No
TN0188,8.0,0.5,3.0,24.0,15.0,Low Risk (Cluster: Stable),0.1,No
TN0189,8.0,0.5,3.0,24.0,15.0,Low Risk (Cluster: Stable),0.1,No
TN0190,8.0,0.5,3.0,24.0,15.0,Low Risk (Cluster: Stable),0.1,No
TN0191,8.0,0.5,3.0,24.0,15.0,Low Risk (Cluster: Stable),0.1,No
TN0192,8.0,0.5,3.0,24.0,15.0,Low Risk (Cluster: Stable),0.1,No
TN0193,8.0,0.5,3.0,24.0,15.0,Low Risk (Cluster: Stable),0.1,No
TN0194,8.0,0.5,3.0,24.0,15.0,Low Risk (Cluster: Stable),0.1,No
TN0195,8.0,0.5,3.0,24.0,15.0,Low Risk (Cluster: Stable),0.1,No
TN0196,8.0,0.5,3.0,24.0,15.0,Low Risk (Cluster: Stable),0.1,No
TN0197,8.0,0.5,3.0,24.0,15.0,Low Risk (Cluster: Stable),0.1,No
TN0198,8.0,0.5,3.0,24.0,15.0,Low Risk (Cluster: Stable),0.1,No
TN0199,8.0,0.5,3.0,24.0,15.0,Low Risk (Cluster: Stable),0.1,No
TN0200,8.0,0.5,3.0,24.0,15.0,Low Risk (Cluster: Stable),0.1,No
TN0201,8.0,0.5,3.0,24.0,15.0,Low Risk (Cluster: Stable),0.1,No
TN0202,8.0,0.5,3.0,24.0,15.0,Low Risk (Cluster: Stable),0.1,No
TN0203,8.0,0.5,3.0,24.0,15.0,Low Risk (Cluster: Stable),0.1,No
TN0204,8.0,0.5,3.0,24.0,15.0,Low Risk (Cluster: Stable),0.1,No
TN0205,8.0,0.5,3.0,24.0,15.0,Low Risk (Cluster: Stable),0.1,No
TN0206,8.0,0.5,3.0,24.0,15.0,Low Risk (Cluster: Stable),0.1,No
TN0207,8.0,0.5,3.0,24.0,15.0,Low Risk (Cluster: Stable),0.1,No
TN0208,8.0,0.5,3.0,24.0,15.0,Low Risk (Cluster: Stable),0.1,No
TN0209,8.0,0.5,3.0,24.0,15.0,Low Risk (Cluster: Stable),0.1,No
TN0210,8.0,0.5,3.0,24.0,15.0,Low Risk (Cluster: Stable),0.1,No
TN0211,8.0,0.5,3.0,24.0,15.0,Low Risk (Cluster: Stable),0.1,No
TN0212,8.0,0.5,3.0,24.0,15.0,Low Risk (Cluster: Stable),0.1,No
TN0213,8.0,0.5,3.0,24.0,15.0,Low Risk (Cluster: Stable),0.1,No
TN0214,8.0,0.5,3.0,24.0,15.0,Low Risk (Cluster: Stable),0.1,No
TN0215,8.0,0.5,3.0,24.0,15.0,Low Risk (Cluster: Stable),0.1,No
TN0216,8.0,0.5,3.0,24.0,15.0,Low Risk (Cluster: Stable),0.1,No
TN0217,8.0,0.5,3.0,24.0,15.0,Low Risk (Cluster: Stable),0.1,No
TN0218,8.0,0.5,3.0,24.0,15.0,Low Risk (Cluster: Stable),0.1,No
TN0219,8.0,0.5,3.0,24.0,15.0,Low Risk (Cluster: Stable),0.1,No
TN0220,8.0,0.5,3.0,24.0,15.0,Low Risk (Cluster: Stable),0.1,No
TN0221,8.0,0.5,3.0,24.0,15.0,Low Risk (Cluster: Stable),0.1,No
TN0222,8.0,0.5,3.0,24.0,15.0,Low Risk (Cluster: Stable),0.1,No
TN0223,8.0,0.5,3.0,24.0,15.0,Low Risk (Cluster: Stable),0.1,No
TN0224,8.0,0.5,3.0,24.0,15.0,Low Risk (Cluster: Stable),0.1,No
TN0225,8.0,0.5,3.0,24.0,15.0,Low Risk (Cluster: Stable),0.1,No
TN0226,8.0,0.5,3.0,24.0,15.0,Low Risk (Cluster: Stable),0.1,No
TN0227,8.0,0.5,3.0,24.0,15.0,Low Risk (Cluster: Stable),0.1,No
TN0228,8.0,0.5,3.0,24.0,15.0,Low Risk (Cluster: Stable),0.1,No
TN0229,8.0,0.5,3.0,24.0,15.0,Low Risk (Cluster: Stable),0.1,No
TN0230,8.0,0.5,3.0,24.0,15.0,Low Risk (Cluster: Stable),0.1,No
TN0231,8.0,0.5,3.0,24.0,15.0,Low Risk (Cluster: Stable),0.1,No
TN0232,8.0,0.5,3.0,24.0,15.0,Low Risk (Cluster: Stable),0.1,No
TN0233,8.0,0.5,3.0,24.0,15.0,Low Risk (Cluster: Stable),0.1,No
TN0234,8.0,0.5,3.0,24.0,15.0,Low Risk (Cluster: Stable),0.1,No
TN0235,8.0,0.5,3.0,24.0,15.0,Low Risk (Cluster: Stable),0.1,No
TN0236,8.0,0.5,3.0,24.0,15.0,Low Risk (Cluster: Stable),0.1,No
TN0237,8.0,0.5,3.0,24.0,15.0,Low Risk (Cluster: Stable),0.1,No
TN0238,8.0,0.5,3.0,24.0,15.0,Low Risk (Cluster: Stable),0.1,No
TN0239,8.0,0.5,3.0,24.0,15.0,Low Risk (Cluster: Stable),0.1,No
TN0240,8.0,0.5,3.0,24.0,15.0,Low Risk (Cluster: Stable),0.1,No
TN0241,8.0,0.5,3.0,24.0,15.0,Low Risk (Cluster: Stable),0.1,No
TN0242,8.0,0.5,3.0,24.0,15.0,Low Risk (Cluster: Stable),0.1,No
TN0243,8.0,0.5,3.0,24.0,15.0,Low Risk (Cluster: Stable),0.1,No
TN0244,8.0,0.5,3.0,24.0,15.0,Low Risk (Cluster: Stable),0.1,No
TN0245,8.0,0.5,3.0,24.0,15.0,Low Risk (Cluster: Stable),0.1,No
TN0246,8.0,0.5,3.0,24.0,15.0,Low Risk (Cluster: Stable),0.1,No
TN0247,8.0,0.5,3.0,24.0,15.0,Low Risk (Cluster: Stable),0.1,No
TN0248,8.0,0.5,3.0,24.0,15.0,Low Risk (Cluster: Stable),0.1,No
TN0249,8.0,0.5,3.0,24.0,15.0,Low Risk (Cluster: Stable),0.1,No
TN0250,8.0,0.5,3.0,24.0,15.0,Low Risk (Cluster: Stable),0.1,No
TN0251,8.0,0.5,3.0,24.0,15.0,Low Risk (Cluster: Stable),0.1,No
TN0252,8.0,0.5,3.0,24.0,15.0,Low Risk (Cluster: Stable),0.1,No
TN0253,8.0,0.5,3.0,24.0,15.0,Low Risk (Cluster: Stable),0.1,No
TN0254,8.0,0.5,3.0,24.0,15.0,Low Risk (Cluster: Stable),0.1,No
TN0255,8.0,0.5,3.0,24.0,15.0,Low Risk (Cluster: Stable),0.1,No
TN0256,8.0,0.5,3.0,24.0,15.0,Low Risk (Cluster: Stable),0.1,No
TN0257,8.0,0.5,3.0,24.0,15.0,Low Risk (Cluster: Stable),0.1,No
TN0258,8.0,0.5,3.0,24.0,15.0,Low Risk (Cluster: Stable),0.1,No
TN0259,8.0,0.5,3.0,24.0,15.0,Low Risk (Cluster: Stable),0.1,No
TN0260,8.0,0.5,3.0,24.0,15.0,Low Risk (Cluster: Stable),0.1,No
TN0261,8.0,0.5,3.0,24.0,15.0,Low Risk (Cluster: Stable),0.1,No
TN0262,8.0,0.5,3.0,24.0,15.0,Low Risk (Cluster: Stable),0.1,No
TN0263,8.0,0.5,3.0,24.0,15.0,Low Risk (Cluster: Stable),0.1,No
TN0264,8.0,0.5,3.0,24.0,15.0,Low Risk (Cluster: Stable),0.1,No
TN0265,8.0,0.5,3.0,24.0,15.0,Low Risk (Cluster: Stable),0.1,No
TN0266,8.0,0.5,3.0,24.0,15.0,Low Risk (Cluster: Stable),0.1,No
TN0267,8.0,0.5,3.0,24.0,15.0,Low Risk (Cluster: Stable),0.1,No
TN0268,8.0,0.5,3.0,24.0,15.0,Low Risk (Cluster: Stable),0.1,No
TN0269,8.0,0.5,3.0,24.0,15.0,Low Risk (Cluster: Stable),0.1,No
TN0270,8.0,0.5,3.0,24.0,15.0,Low Risk (Cluster: Stable),0.1,No
TN0271,8.0,0.5,3.0,24.0,15.0,Low Risk (Cluster: Stable),0.1,No
TN0272,8.0,0.5,3.0,24.0,15.0,Low Risk (Cluster: Stable),0.1,No
TN0273,8.0,0.5,3.0,24.0,15.0,Low Risk (Cluster: Stable),0.1,No
TN0274,8.0,0.5,3.0,24.0,15.0,Low Risk (Cluster: Stable),0.1,No
TN0275,8.0,0.5,3.0,24.0,15.0,Low Risk (Cluster: Stable),0.1,No
TN0276,8.0,0.5,3.0,24.0,15.0,Low Risk (Cluster: Stable),0.1,No
TN0277,8.0,0.5,3.0,24.0,15.0,Low Risk (Cluster: Stable),0.1,No
TN0278,8.0,0.5,3.0,24.0,15.0,Low Risk (Cluster: Stable),0.1,No
TN0279,8.0,0.5,3.0,24.0,15.0,Low Risk (Cluster: Stable),0.1,No
TN0280,8.0,0.5,3.0,24.0,15.0,Low Risk (Cluster: Stable),0.1,No
TN0281,8.0,0.5,3.0,24.0,15.0,Low Risk (Cluster: Stable),0.1,No
TN0282,8.0,0.5,3.0,24.0,15.0,Low Risk (Cluster: Stable),0.1,No
TN0283,8.0,0.5,3.0,24.0,15.0,Low Risk (Cluster: Stable),0.1,No
TN0284,8.0,0.5,3.0,24.0,15.0,Low Risk (Cluster: Stable),0.1,No
TN0285,8.0,0.5,3.0,24.0,15.0,Low Risk (Cluster: Stable),0.1,No
TN0286,8.0,0.5,3.0,24.0,15.0,Low Risk (Cluster: Stable),0.1,No
TN0287,8.0,0.5,3.0,24.0,15.0,Low Risk (Cluster: Stable),0.1,No
TN0288,8.0,0.5,3.0,24.0,15.0,Low Risk (Cluster: Stable),0.1,No
TN0289,8.0,0.5,3.0,24.0,15.0,Low Risk (Cluster: Stable),0.1,No
TN0290,8.0,0.5,3.0,24.0,15.0,Low Risk (Cluster: Stable),0.1,No
TN0291,8.0,0.5,3.0,24.0,15.0,Low Risk (Cluster: Stable),0.1,No
TN0292,8.0,0.5,3.0,24.0,15.0,Low Risk (Cluster: Stable),0.1,No
TN0293,8.0,0.5,3.0,24.0,15.0,Low Risk (Cluster: Stable),0.1,No
TN0294,8.0,0.5,3.0,24.0,15.0,Low Risk (Cluster: Stable),0.1,No
TN0295,8.0,0.5,3.0,24.0,15.0,Low Risk (Cluster: Stable),0.1,No
TN0296,8.0,0.5,3.0,24.0,15.0,Low Risk (Cluster: Stable),0.1,No
TN0297,8.0,0.5,3.0,24.0,15.0,Low Risk (Cluster: Stable),0.1,No
TN0298,8.0,0.5,3.0,24.0,15.0,Low Risk (Cluster: Stable),0.1,No
TN0299,8.0,0.5,3.0,24.0,15.0,Low Risk (Cluster: Stable),0.1,No
TN0300,8.0,0.5,3.0,24.0,15.0,Low Risk (Cluster: Stable),0.1,No
TN0301,8.0,0.5,3.0,24.0,15.0,Low Risk (Cluster: Stable),0.1,No
TN0302,8.0,0.5,3.0,24.0,15.0,Low Risk (Cluster: Stable),0.1,No
TN0303,8.0,0.5,3.0,24.0,15.0,Low Risk (Cluster: Stable),0.1,No
TN0304,8.0,0.5,3.0,24.0,15.0,Low Risk (Cluster: Stable),0.1,No
TN0305,8.0,0.5,3.0,24.0,15.0,Low Risk (Cluster: Stable),0.1,No
TN0306,8.0,0.5,3.0,24.0,15.0,Low Risk (Cluster: Stable),0.1,No
TN0307,8.0,0.5,3.0,24.0,15.0,Low Risk (Cluster: Stable),0.1,No
TN0308,8.0,0.5,3.0,24.0,15.0,Low Risk (Cluster: Stable),0.1,No
TN0309,8.0,0.5,3.0,24.0,15.0,Low Risk (Cluster: Stable),0.1,No
TN0310,8.0,0.5,3.0,24.0,15.0,Low Risk (Cluster: Stable),0.1,No
TN0311,8.0,0.5,3.0,24.0,15.0,Low Risk (Cluster: Stable),0.1,No
TN0312,8.0,0.5,3.0,24.0,15.0,Low Risk (Cluster: Stable),0.1,No
TN0313,8.0,0.5,3.0,24.0,15.0,Low Risk (Cluster: Stable),0.1,No
TN0314,8.0,0.5,3.0,24.0,15.0,Low Risk (Cluster: Stable),0.1,No
TN0315,8.0,0.5,3.0,24.0,15.0,Low Risk (Cluster: Stable),0.1,No
TN0316,8.0,0.5,3.0,24.0,15.0,Low Risk (Cluster: Stable),0.1,No
TN0317,8.0,0.5,3.0,24.0,15.0,Low Risk (Cluster: Stable),0.1,No
TN0318,8.0,0.5,3.0,24.0,15.0,Low Risk (Cluster: Stable),0.1,No
TN0319,8.0,0.5,3.0,24.0,15.0,Low Risk (Cluster: Stable),0.1,No
TN0320,8.0,0.5,3.0,24.0,15.0,Low Risk (Cluster: Stable),0.1,No
TN0321,8.0,0.5,3.0,24.0,15.0,Low Risk (Cluster: Stable),0.1,No
TN0322,8.0,0.5,3.0,24.0,15.0,Low Risk (Cluster: Stable),0.1,No
TN0323,8.0,0.5,3.0,24.0,15.0,Low Risk (Cluster: Stable),0.1,No
TN0324,8.0,0.5,3.0,24.0,15.0,Low Risk (Cluster: Stable),0.1,No
TN0325,8.0,0.5,3.0,24.0,15.0,Low Risk (Cluster: Stable),0.1,No
TN0326,8.0,0.5,3.0,24.0,15.0,Low Risk (Cluster: Stable),0.1,No
TN0327,8.0,0.5,3.0,24.0,15.0,Low Risk (Cluster: Stable),0.1,No
TN0328,8.0,0.5,3.0,24.0,15.0,Low Risk (Cluster: Stable),0.1,No
TN0329,8.0,0.5,3.0,24.0,15.0,Low Risk (Cluster: Stable),0.1,No
TN0330,8.0,0.5,3.0,24.0,15.0,Low Risk (Cluster: Stable),0.1,No
TN0331,8.0,0.5,3.0,24.0,15.0,Low Risk (Cluster: Stable),0.1,No
TN0332,8.0,0.5,3.0,24.0,15.0,Low Risk (Cluster: Stable),0.1,No
TN0333,8.0,0.5,3.0,24.0,15.0,Low Risk (Cluster: Stable),0.1,No
TN0334,8.0,0.5,3.0,24.0,15.0,Low Risk (Cluster: Stable),0.1,No
TN0335,8.0,0.5,3.0,24.0,15.0,Low Risk (Cluster: Stable),0.1,No
TN0336,8.0,0.5,3.0,24.0,15.0,Low Risk (Cluster: Stable),0.1,No
TN0337,8.0,0.5,3.0,24.0,15.0,Low Risk (Cluster: Stable),0.1,No
TN0338,8.0,0.5,3.0,24.0,15.0,Low Risk (Cluster: Stable),0.1,No
TN0339,8.0,0.5,3.0,24.0,15.0,Low Risk (Cluster: Stable),0.1,No
TN0340,8.0,0.5,3.0,24.0,15.0,Low Risk (Cluster: Stable),0.1,No
TN0341,8.0,0.5,3.0,24.0,15.0,Low Risk (Cluster: Stable),0.1,No
TN0342,8.0,0.5,3.0,24.0,15.0,Low Risk (Cluster: Stable),0.1,No
TN0343,8.0,0.5,3.0,24.0,15.0,Low Risk (Cluster: Stable),0.1,No
TN0344,8.0,0.5,3.0,24.0,15.0,Low Risk (Cluster: Stable),0.1,No
TN0345,8.0,0.5,3.0,24.0,15.0,Low Risk (Cluster: Stable),0.1,No
TN0346,8.0,0.5,3.0,24.0,15.0,Low Risk (Cluster: Stable),0.1,No
TN0347,8.0,0.5,3.0,24.0,15.0,Low Risk (Cluster: Stable),0.1,No
TN0348,8.0,0.5,3.0,24.0,15.0,Low Risk (Cluster: Stable),0.1,No
TN0349,8.0,0.5,3.0,24.0,15.0,Low Risk (Cluster: Stable),0.1,No
TN0350,8.0,0.5,3.0,24.0,15.0,Low Risk (Cluster: Stable),0.1,No
TN0351,8.0,0.5,3.0,24.0,15.0,Low Risk (Cluster: Stable),0.1,No
TN0352,8.0,0.5,3.0,24.0,15.0,Low Risk (Cluster: Stable),0.1,No
TN0353,8.0,0.5,3.0,24.0,15.0,Low Risk (Cluster: Stable),0.1,No
TN0354,8.0,0.5,3.0,24.0,15.0,Low Risk (Cluster: Stable),0.1,No
TN0355,8.0,0.5,3.0,24.0,15.0,Low Risk (Cluster: Stable),0.1,No
TN0356,8.0,0.5,3.0,24.0,15.0,Low Risk (Cluster: Stable),0.1,No
TN0357,8.0,0.5,3.0,24.0,15.0,Low Risk (Cluster: Stable),0.1,No
TN0358,8.0,0.5,3.0,24.0,15.0,Low Risk (Cluster: Stable),0.1,No
TN0359,8.0,0.5,3.0,24.0,15.0,Low Risk (Cluster: Stable),0.1,No
TN0360,8.0,0.5,3.0,24.0,15.0,Low Risk (Cluster: Stable),0.1,No
TN0361,8.0,0.5,3.0,24.0,15.0,Low Risk (Cluster: Stable),0.1,No
TN0362,8.0,0.5,3.0,24.0,15.0,Low Risk (Cluster: Stable),0.1,No
TN0363,8.0,0.5,3.0,24.0,15.0,Low Risk (Cluster: Stable),0.1,No
TN0364,8.0,0.5,3.0,24.0,15.0,Low Risk (Cluster: Stable),0.1,No
TN0365,8.0,0.5,3.0,24.0,15.0,Low Risk (Cluster: Stable),0.1,No
TN0366,8.0,0.5,3.0,24.0,15.0,Low Risk (Cluster: Stable),0.1,No
TN0367,8.0,0.5,3.0,24.0,15.0,Low Risk (Cluster: Stable),0.1,No
TN0368,8.0,0.5,3.0,24.0,15.0,Low Risk (Cluster: Stable),0.1,No
TN0369,8.0,0.5,3.0,24.0,15.0,Low Risk (Cluster: Stable),0.1,No
TN0370,8.0,0.5,3.0,24.0,15.0,Low Risk (Cluster: Stable),0.1,No
TN0371,8.0,0.5,3.0,24.0,15.0,Low Risk (Cluster: Stable),0.1,No
TN0372,8.0,0.5,3.0,24.0,15.0,Low Risk (Cluster: Stable),0.1,No
TN0373,8.0,0.5,3.0,24.0,15.0,Low Risk (Cluster: Stable),0.1,No
TN0374,8.0,0.5,3.0,24.0,15.0,Low Risk (Cluster: Stable),0.1,No
TN0375,8.0,0.5,3.0,24.0,15.0,Low Risk (Cluster: Stable),0.1,No
TN0376,8.0,0.5,3.0,24.0,15.0,Low Risk (Cluster: Stable),0.1,No
TN0377,8.0,0.5,3.0,24.0,15.0,Low Risk (Cluster: Stable),0.1,No
TN0378,8.0,0.5,3.0,24.0,15.0,Low Risk (Cluster: Stable),0.1,No
TN0379,8.0,0.5,3.0,24.0,15.0,Low Risk (Cluster: Stable),0.1,No
TN0380,8.0,0.5,3.0,24.0,15.0,Low Risk (Cluster: Stable),0.1,No
TN0381,8.0,0.5,3.0,24.0,15.0,Low Risk (Cluster: Stable),0.1,No
TN0382,8.0,0.5,3.0,24.0,15.0,Low Risk (Cluster: Stable),0.1,No
TN0383,8.0,0.5,3.0,24.0,15.0,Low Risk (Cluster: Stable),0.1,No
TN0384,8.0,0.5,3.0,24.0,15.0,Low Risk (Cluster: Stable),0.1,No
TN0385,8.0,0.5,3.0,24.0,15.0,Low Risk (Cluster: Stable),0.1,No
TN0386,8.0,0.5,3.0,24.0,15.0,Low Risk (Cluster: Stable),0.1,No
TN0387,8.0,0.5,3.0,24.0,15.0,Low Risk (Cluster: Stable),0.1,No
TN0388,8.0,0.5,3.0,24.0,15.0,Low Risk (Cluster: Stable),0.1,No
TN0389,8.0,0.5,3.0,24.0,15.0,Low Risk (Cluster: Stable),0.1,No
TN0390,8.0,0.5,3.0,24.0,15.0,Low Risk (Cluster: Stable),0.1,No
TN0391,8.0,0.5,3.0,24.0,15.0,Low Risk (Cluster: Stable),0.1,No
TN0392,8.0,0.5,3.0,24.0,15.0,Low Risk (Cluster: Stable),0.1,No
TN0393,8.0,0.5,3.0,24.0,15.0,Low Risk (Cluster: Stable),0.1,No
TN0394,8.0,0.5,3.0,24.0,15.0,Low Risk (Cluster: Stable),0.1,No
TN0395,8.0,0.5,3.0,24.0,15.0,Low Risk (Cluster: Stable),0.1,No
TN0396,8.0,0.5,3.0,24.0,15.0,Low Risk (Cluster: Stable),0.1,No
TN0397,8.0,0.5,3.0,24.0,15.0,Low Risk (Cluster: Stable),0.1,No
TN0398,8.0,0.5,3.0,24.0,15.0,Low Risk (Cluster: Stable),0.1,No
TN0399,8.0,0.5,3.0,24.0,15.0,Low Risk (Cluster: Stable),0.1,No
TN0400,8.0,0.5,3.0,24.0,15.0,Low Risk (Cluster: Stable),0.1,No
TN0401,8.0,0.5,3.0,24.0,15.0,Low Risk (Cluster: Stable),0.1,No
TN0402,8.0,0.5,3.0,24.0,15.0,Low Risk (Cluster: Stable),0.1,No
TN0403,8.0,0.5,3.0,24.0,15.0,Low Risk (Cluster: Stable),0.1,No
TN0404,8.0,0.5,3.0,24.0,15.0,Low Risk (Cluster: Stable),0.1,No
TN0405,8.0,0.5,3.0,24.0,15.0,Low Risk (Cluster: Stable),0.1,No
TN0406,8.0,0.5,3.0,24.0,15.0,Low Risk (Cluster: Stable),0.1,No
TN0407,8.0,0.5,3.0,24.0,15.0,Low Risk (Cluster: Stable),0.1,No
TN0408,8.0,0.5,3.0,24.0,15.0,Low Risk (Cluster: Stable),0.1,No
TN0409,8.0,0.5,3.0,24.0,15.0,Low Risk (Cluster: Stable),0.1,No
TN0410,8.0,0.5,3.0,24.0,15.0,Low Risk (Cluster: Stable),0.1,No
TN0411,8.0,0.5,3.0,24.0,15.0,Low Risk (Cluster: Stable),0.1,No
TN0412,8.0,0.5,3.0,24.0,15.0,Low Risk (Cluster: Stable),0.1,No
TN0413,8.0,0.5,3.0,24.0,15.0,Low Risk (Cluster: Stable),0.1,No
TN0414,8.0,0.5,3.0,24.0,15.0,Low Risk (Cluster: Stable),0.1,No
TN0415,8.0,0.5,3.0,24.0,15.0,Low Risk (Cluster: Stable),0.1,No
TN0416,8.0,0.5,3.0,24.0,15.0,Low Risk (Cluster: Stable),0.1,No
TN0417,8.0,0.5,3.0,24.0,15.0,Low Risk (Cluster: Stable),0.1,No
TN0418,8.0,0.5,3.0,24.0,15.0,Low Risk (Cluster: Stable),0.1,No
TN0419,8.0,0.5,3.0,24.0,15.0,Low Risk (Cluster: Stable),0.1,No
TN0420,8.0,0.5,3.0,24.0,15.0,Low Risk (Cluster: Stable),0.1,No
TN0421,8.0,0.5,3.0,24.0,15.0,Low Risk (Cluster: Stable),0.1,No
TN0422,8.0,0.5,3.0,24.0,15.0,Low Risk (Cluster: Stable),0.1,No
TN0423,8.0,0.5,3.0,24.0,15.0,Low Risk (Cluster: Stable),0.1,No
TN0424,8.0,0.5,3.0,24.0,15.0,Low Risk (Cluster: Stable),0.1,No
TN0425,8.0,0.5,3.0,24.0,15.0,Low Risk (Cluster: Stable),0.1,No
TN0426,8.0,0.5,3.0,24.0,15.0,Low Risk (Cluster: Stable),0.1,No
TN0427,8.0,0.5,3.0,24.0,15.0,Low Risk (Cluster: Stable),0.1,No
TN0428,8.0,0.5,3.0,24.0,15.0,Low Risk (Cluster: Stable),0.1,No
TN0429,8.0,0.5,3.0,24.0,15.0,Low Risk (Cluster: Stable),0.1,No
TN0430,8.0,0.5,3.0,24.0,15.0,Low Risk (Cluster: Stable),0.1,No
TN0431,8.0,0.5,3.0,24.0,15.0,Low Risk (Cluster: Stable),0.1,No
TN0432,8.0,0.5,3.0,24.0,15.0,Low Risk (Cluster: Stable),0.1,No
TN0433,8.0,0.5,3.0,24.0,15.0,Low Risk (Cluster: Stable),0.1,No
TN0434,8.0,0.5,3.0,24.0,15.0,Low Risk (Cluster: Stable),0.1,No
TN0435,8.0,0.5,3.0,24.0,15.0,Low Risk (Cluster: Stable),0.1,No
TN0436,8.0,0.5,3.0,24.0,15.0,Low Risk (Cluster: Stable),0.1,No
TN0437,8.0,0.5,3.0,24.0,15.0,Low Risk (Cluster: Stable),0.1,No
TN0438,8.0,0.5,3.0,24.0,15.0,Low Risk (Cluster: Stable),0.1,No
TN0439,8.0,0.5,3.0,24.0,15.0,Low Risk (Cluster: Stable),0.1,No
TN0440,8.0,0.5,3.0,24.0,15.0,Low Risk (Cluster: Stable),0.1,No
TN0441,8.0,0.5,3.0,24.0,15.0,Low Risk (Cluster: Stable),0.1,No
TN0442,8.0,0.5,3.0,24.0,15.0,Low Risk (Cluster: Stable),0.1,No
TN0443,8.0,0.5,3.0,24.0,15.0,Low Risk (Cluster: Stable),0.1,No
TN0444,8.0,0.5,3.0,24.0,15.0,Low Risk (Cluster: Stable),0.1,No
TN0445,8.0,0.5,3.0,24.0,15.0,Low Risk (Cluster: Stable),0.1,No
TN0446,8.0,0.5,3.0,24.0,15.0,Low Risk (Cluster: Stable),0.1,No
TN0447,8.0,0.5,3.0,24.0,15.0,Low Risk (Cluster: Stable),0.1,No
TN0448,8.0,0.5,3.0,24.0,15.0,Low Risk (Cluster: Stable),0.1,No
TN0449,8.0,0.5,3.0,24.0,15.0,Low Risk (Cluster: Stable),0.1,No
TN0450,8.0,0.5,3.0,24.0,15.0,Low Risk (Cluster: Stable),0.1,No
TN0451,8.0,0.5,3.0,24.0,15.0,Low Risk (Cluster: Stable),0.1,No
TN0452,8.0,0.5,3.0,24.0,15.0,Low Risk (Cluster: Stable),0.1,No
TN0453,8.0,0.5,3.0,24.0,15.0,Low Risk (Cluster: Stable),0.1,No
TN0454,8.0,0.5,3.0,24.0,15.0,Low Risk (Cluster: Stable),0.1,No
TN0455,8.0,0.5,3.0,24.0,15.0,Low Risk (Cluster: Stable),0.1,No
TN0456,8.0,0.5,3.0,24.0,15.0,Low Risk (Cluster: Stable),0.1,No
TN0457,8.0,0.5,3.0,24.0,15.0,Low Risk (Cluster: Stable),0.1,No
TN0458,8.0,0.5,3.0,24.0,15.0,Low Risk (Cluster: Stable),0.1,No
TN0459,8.0,0.5,3.0,24.0,15.0,Low Risk (Cluster: Stable),0.1,No
TN0460,8.0,0.5,3.0,24.0,15.0,Low Risk (Cluster: Stable),0.1,No
TN0461,8.0,0.5,3.0,24.0,15.0,Low Risk (Cluster: Stable),0.1,No
TN0462,8.0,0.5,3.0,24.0,15.0,Low Risk (Cluster: Stable),0.1,No
TN0463,8.0,0.5,3.0,24.0,15.0,Low Risk (Cluster: Stable),0.1,No
TN0464,8.0,0.5,3.0,24.0,15.0,Low Risk (Cluster: Stable),0.1,No
TN0465,8.0,0.5,3.0,24.0,15.0,Low Risk (Cluster: Stable),0.1,No
TN0466,8.0,0.5,3.0,24.0,15.0,Low Risk (Cluster: Stable),0.1,No
TN0467,8.0,0.5,3.0,24.0,15.0,Low Risk (Cluster: Stable),0.1,No
TN0468,8.0,0.5,3.0,24.0,15.0,Low Risk (Cluster: Stable),0.1,No
TN0469,8.0,0.5,3.0,24.0,15.0,Low Risk (Cluster: Stable),0.1,No
TN0470,8.0,0.5,3.0,24.0,15.0,Low Risk (Cluster: Stable),0.1,No
TN0471,8.0,0.5,3.0,24.0,15.0,Low Risk (Cluster: Stable),0.1,No
TN0472,8.0,0.5,3.0,24.0,15.0,Low Risk (Cluster: Stable),0.1,No
TN0473,8.0,0.5,3.0,24.0,15.0,Low Risk (Cluster: Stable),0.1,No
TN0474,8.0,0.5,3.0,24.0,15.0,Low Risk (Cluster: Stable),0.1,No
TN0475,8.0,0.5,3.0,24.0,15.0,Low Risk (Cluster: Stable),0.1,No
TN0476,8.0,0.5,3.0,24.0,15.0,Low Risk (Cluster: Stable),0.1,No
TN0477,8.0,0.5,3.0,24.0,15.0,Low Risk (Cluster: Stable),0.1,No
TN0478,8.0,0.5,3.0,24.0,15.0,Low Risk (Cluster: Stable),0.1,No
TN0479,8.0,0.5,3.0,24.0,15.0,Low Risk (Cluster: Stable),0.1,No
TN0480,8.0,0.5,3.0,24.0,15.0,Low Risk (Cluster: Stable),0.1,No
TN0481,8.0,0.5,3.0,24.0,15.0,Low Risk (Cluster: Stable),0.1,No
TN0482,8.0,0.5,3.0,24.0,15.0,Low Risk (Cluster: Stable),0.1,No
TN0483,8.0,0.5,3.0,24.0,15.0,Low Risk (Cluster: Stable),0.1,No
TN0484,8.0,0.5,3.0,24.0,15.0,Low Risk (Cluster: Stable),0.1,No
TN0485,8.0,0.5,3.0,24.0,15.0,Low Risk (Cluster: Stable),0.1,No
TN0486,8.0,0.5,3.0,24.0,15.0,Low Risk (Cluster: Stable),0.1,No
TN0487,8.0,0.5,3.0,24.0,15.0,Low Risk (Cluster: Stable),0.1,No
TN0488,8.0,0.5,3.0,24.0,15.0,Low Risk (Cluster: Stable),0.1,No
TN0489,8.0,0.5,3.0,24.0,15.0,Low Risk (Cluster: Stable),0.1,No
TN0490,8.0,0.5,3.0,24.0,15.0,Low Risk (Cluster: Stable),0.1,No
TN0491,8.0,0.5,3.0,24.0,15.0,Low Risk (Cluster: Stable),0.1,No
TN0492,8.0,0.5,3.0,24.0,15.0,Low Risk (Cluster: Stable),0.1,No
TN0493,8.0,0.5,3.0,24.0,15.0,Low Risk (Cluster: Stable),0.1,No
TN0494,8.0,0.5,3.0,24.0,15.0,Low Risk (Cluster: Stable),0.1,No
TN0495,8.0,0.5,3.0,24.0,15.0,Low Risk (Cluster: Stable),0.1,No
TN0496,8.0,0.5,3.0,24.0,15.0,Low Risk (Cluster: Stable),0.1,No
TN0497,8.0,0.5,3.0,24.0,15.0,Low Risk (Cluster: Stable),0.1,No
TN0498,8.0,0.5,3.0,24.0,15.0,Low Risk (Cluster: Stable),0.1,No
TN0499,8.0,0.5,3.0,24.0,15.0,Low Risk (Cluster: Stable),0.1,No
TN0500,8.0,0.5,3.0,24.0,15.0,Low Risk (Cluster: Stable),0.1,No
TN0501,8.0,0.5,3.0,24.0,15.0,Low Risk (Cluster: Stable),0.1,No
TN0502,8.0,0.5,3.0,24.0,15.0,Low Risk (Cluster: Stable),0.1,No
TN0503,8.0,0.5,3.0,24.0,15.0,Low Risk (Cluster: Stable),0.1,No
TN0504,8.0,0.5,3.0,24.0,15.0,Low Risk (Cluster: Stable),0.1,No
TN0505,8.0,0.5,3.0,24.0,15.0,Low Risk (Cluster: Stable),0.1,No
TN0506,8.0,0.5,3.0,24.0,15.0,Low Risk (Cluster: Stable),0.1,No
TN0507,8.0,0.5,3.0,24.0,15.0,Low Risk (Cluster: Stable),0.1,No
TN0508,8.0,0.5,3.0,24.0,15.0,Low Risk (Cluster: Stable),0.1,No
TN0509,8.0,0.5,3.0,24.0,15.0,Low Risk (Cluster: Stable),0.1,No
TN0510,8.0,0.5,3.0,24.0,15.0,Low Risk (Cluster: Stable),0.1,No
TN0511,8.0,0.5,3.0,24.0,15.0,Low Risk (Cluster: Stable),0.1,No
TN0512,8.0,0.5,3.0,24.0,15.0,Low Risk (Cluster: Stable),0.1,No
TN0513,8.0,0.5,3.0,24.0,15.0,Low Risk (Cluster: Stable),0.1,No
TN0514,8.0,0.5,3.0,24.0,15.0,Low Risk (Cluster: Stable),0.1,No
TN0515,8.0,0.5,3.0,24.0,15.0,Low Risk (Cluster: Stable),0.1,No
TN0516,8.0,0.5,3.0,24.0,15.0,Low Risk (Cluster: Stable),0.1,No
TN0517,8.0,0.5,3.0,24.0,15.0,Low Risk (Cluster: Stable),0.1,No
TN0518,8.0,0.5,3.0,24.0,15.0,Low Risk (Cluster: Stable),0.1,No
TN0519,8.0,0.5,3.0,24.0,15.0,Low Risk (Cluster: Stable),0.1,No
TN0520,8.0,0.5,3.0,24.0,15.0,Low Risk (Cluster: Stable),0.1,No
TN0521,8.0,0.5,3.0,24.0,15.0,Low Risk (Cluster: Stable),0.1,No
TN0522,8.0,0.5,3.0,24.0,15.0,Low Risk (Cluster: Stable),0.1,No
TN0523,8.0,0.5,3.0,24.0,15.0,Low Risk (Cluster: Stable),0.1,No
TN0524,8.0,0.5,3.0,24.0,15.0,Low Risk (Cluster: Stable),0.1,No
TN0525,8.0,0.5,3.0,24.0,15.0,Low Risk (Cluster: Stable),0.1,No
TN0526,8.0,0.5,3.0,24.0,15.0,Low Risk (Cluster: Stable),0.1,No
TN0527,8.0,0.5,3.0,24.0,15.0,Low Risk (Cluster: Stable),0.1,No
TN0528,8.0,0.5,3.0,24.0,15.0,Low Risk (Cluster: Stable),0.1,No
TN0529,8.0,0.5,3.0,24.0,15.0,Low Risk (Cluster: Stable),0.1,No
TN0530,8.0,0.5,3.0,24.0,15.0,Low Risk (Cluster: Stable),0.1,No
TN0531,8.0,0.5,3.0,24.0,15.0,Low Risk (Cluster: Stable),0.1,No
TN0532,8.0,0.5,3.0,24.0,15.0,Low Risk (Cluster: Stable),0.1,No
TN0533,8.0,0.5,3.0,24.0,15.0,Low Risk (Cluster: Stable),0.1,No
TN0534,8.0,0.5,3.0,24.0,15.0,Low Risk (Cluster: Stable),0.1,No
TN0535,8.0,0.5,3.0,24.0,15.0,Low Risk (Cluster: Stable),0.1,No
TN0536,8.0,0.5,3.0,24.0,15.0,Low Risk (Cluster: Stable),0.1,No
TN0537,8.0,0.5,3.0,24.0,15.0,Low Risk (Cluster: Stable),0.1,No
TN0538,8.0,0.5,3.0,24.0,15.0,Low Risk (Cluster: Stable),0.1,No
TN0539,8.0,0.5,3.0,24.0,15.0,Low Risk (Cluster: Stable),0.1,No
TN0540,8.0,0.5,3.0,24.0,15.0,Low Risk (Cluster: Stable),0.1,No
TN0541,8.0,0.5,3.0,24.0,15.0,Low Risk (Cluster: Stable),0.1,No
TN0542,8.0,0.5,3.0,24.0,15.0,Low Risk (Cluster: Stable),0.1,No
TN0543,8.0,0.5,3.0,24.0,15.0,Low Risk (Cluster: Stable),0.1,No
TN0544,8.0,0.5,3.0,24.0,15.0,Low Risk (Cluster: Stable),0.1,No
TN0545,8.0,0.5,3.0,24.0,15.0,Low Risk (Cluster: Stable),0.1,No
TN0546,8.0,0.5,3.0,24.0,15.0,Low Risk (Cluster: Stable),0.1,No
TN0547,8.0,0.5,3.0,24.0,15.0,Low Risk (Cluster: Stable),0.1,No
TN0548,8.0,0.5,3.0,24.0,15.0,Low Risk (Cluster: Stable),0.1,No
TN0549,8.0,0.5,3.0,24.0,15.0,Low Risk (Cluster: Stable),0.1,No
TN0550,8.0,0.5,3.0,24.0,15.0,Low Risk (Cluster: Stable),0.1,No
TN0551,8.0,0.5,3.0,24.0,15.0,Low Risk (Cluster: Stable),0.1,No
TN0552,8.0,0.5,3.0,24.0,15.0,Low Risk (Cluster: Stable),0.1,No
TN0553,8.0,0.5,3.0,24.0,15.0,Low Risk (Cluster: Stable),0.1,No
TN0554,8.0,0.5,3.0,24.0,15.0,Low Risk (Cluster: Stable),0.1,No
TN0555,8.0,0.5,3.0,24.0,15.0,Low Risk (Cluster: Stable),0.1,No
TN0556,8.0,0.5,3.0,24.0,15.0,Low Risk (Cluster: Stable),0.1,No
TN0557,8.0,0.5,3.0,24.0,15.0,Low Risk (Cluster: Stable),0.1,No
TN0558,8.0,0.5,3.0,24.0,15.0,Low Risk (Cluster: Stable),0.1,No
TN0559,8.0,0.5,3.0,24.0,15.0,Low Risk (Cluster: Stable),0.1,No
TN0560,8.0,0.5,3.0,24.0,15.0,Low Risk (Cluster: Stable),0.1,No
TN0561,8.0,0.5,3.0,24.0,15.0,Low Risk (Cluster: Stable),0.1,No
TN0562,8.0,0.5,3.0,24.0,15.0,Low Risk (Cluster: Stable),0.1,No
TN0563,8.0,0.5,3.0,24.0,15.0,Low Risk (Cluster: Stable),0.1,No
TN0564,8.0,0.5,3.0,24.0,15.0,Low Risk (Cluster: Stable),0.1,No
TN0565,8.0,0.5,3.0,24.0,15.0,Low Risk (Cluster: Stable),0.1,No
TN0566,8.0,0.5,3.0,24.0,15.0,Low Risk (Cluster: Stable),0.1,No
TN0567,8.0,0.5,3.0,24.0,15.0,Low Risk (Cluster: Stable),0.1,No
TN0568,8.0,0.5,3.0,24.0,15.0,Low Risk (Cluster: Stable),0.1,No
TN0569,8.0,0.5,3.0,24.0,15.0,Low Risk (Cluster: Stable),0.1,No
TN0570,8.0,0.5,3.0,24.0,15.0,Low Risk (Cluster: Stable),0.1,No
TN0571,8.0,0.5,3.0,24.0,15.0,Low Risk (Cluster: Stable),0.1,No
TN0572,8.0,0.5,3.0,24.0,15.0,Low Risk (Cluster: Stable),0.1,No
TN0573,8.0,0.5,3.0,24.0,15.0,Low Risk (Cluster: Stable),0.1,No
TN0574,8.0,0.5,3.0,24.0,15.0,Low Risk (Cluster: Stable),0.1,No
TN0575,8.0,0.5,3.0,24.0,15.0,Low Risk (Cluster: Stable),0.1,No
TN0576,8.0,0.5,3.0,24.0,15.0,Low Risk (Cluster: Stable),0.1,No
TN0577,8.0,0.5,3.0,24.0,15.0,Low Risk (Cluster: Stable),0.1,No
TN0578,8.0,0.5,3.0,24.0,15.0,Low Risk (Cluster: Stable),0.1,No
TN0579,8.0,0.5,3.0,24.0,15.0,Low Risk (Cluster: Stable),0.1,No
TN0580,8.0,0.5,3.0,24.0,15.0,Low Risk (Cluster: Stable),0.1,No
TN0581,8.0,0.5,3.0,24.0,15.0,Low Risk (Cluster: Stable),0.1,No
TN0582,8.0,0.5,3.0,24.0,15.0,Low Risk (Cluster: Stable),0.1,No
TN0583,8.0,0.5,3.0,24.0,15.0,Low Risk (Cluster: Stable),0.1,No
TN0584,8.0,0.5,3.0,24.0,15.0,Low Risk (Cluster: Stable),0.1,No
TN0585,8.0,0.5,3.0,24.0,15.0,Low Risk (Cluster: Stable),0.1,No
TN0586,8.0,0.5,3.0,24.0,15.0,Low Risk (Cluster: Stable),0.1,No
TN0587,8.0,0.5,3.0,24.0,15.0,Low Risk (Cluster: Stable),0.1,No
TN0588,8.0,0.5,3.0,24.0,15.0,Low Risk (Cluster: Stable),0.1,No
TN0589,8.0,0.5,3.0,24.0,15.0,Low Risk (Cluster: Stable),0.1,No
TN0590,8.0,0.5,3.0,24.0,15.0,Low Risk (Cluster: Stable),0.1,No
TN0591,8.0,0.5,3.0,24.0,15.0,Low Risk (Cluster: Stable),0.1,No
TN0592,8.0,0.5,3.0,24.0,15.0,Low Risk (Cluster: Stable),0.1,No
TN0593,8.0,0.5,3.0,24.0,15.0,Low Risk (Cluster: Stable),0.1,No
TN0594,8.0,0.5,3.0,24.0,15.0,Low Risk (Cluster: Stable),0.1,No
TN0595,8.0,0.5,3.0,24.0,15.0,Low Risk (Cluster: Stable),0.1,No
TN0596,8.0,0.5,3.0,24.0,15.0,Low Risk (Cluster: Stable),0.1,No
TN0597,8.0,0.5,3.0,24.0,15.0,Low Risk (Cluster: Stable),0.1,No
TN0598,8.0,0.5,3.0,24.0,15.0,Low Risk (Cluster: Stable),0.1,No
TN0599,8.0,0.5,3.0,24.0,15.0,Low Risk (Cluster: Stable),0.1,No
TN0600,8.0,0.5,3.0,24.0,15.0,Low Risk (Cluster: Stable),0.1,No
TN0601,8.0,0.5,3.0,24.0,15.0,Low Risk (Cluster: Stable),0.1,No
TN0602,8.0,0.5,3.0,24.0,15.0,Low Risk (Cluster: Stable),0.1,No
TN0603,8.0,0.5,3.0,24.0,15.0,Low Risk (Cluster: Stable),0.1,No
TN0604,8.0,0.5,3.0,24.0,15.0,Low Risk (Cluster: Stable),0.1,No
TN0605,8.0,0.5,3.0,24.0,15.0,Low Risk (Cluster: Stable),0.1,No
TN0606,8.0,0.5,3.0,24.0,15.0,Low Risk (Cluster: Stable),0.1,No
TN0607,8.0,0.5,3.0,24.0,15.0,Low Risk (Cluster: Stable),0.1,No
TN0608,8.0,0.5,3.0,24.0,15.0,Low Risk (Cluster: Stable),0.1,No
TN0609,8.0,0.5,3.0,24.0,15.0,Low Risk (Cluster: Stable),0.1,No
TN0610,8.0,0.5,3.0,24.0,15.0,Low Risk (Cluster: Stable),0.1,No
TN0611,8.0,0.5,3.0,24.0,15.0,Low Risk (Cluster: Stable),0.1,No
TN0612,8.0,0.5,3.0,24.0,15.0,Low Risk (Cluster: Stable),0.1,No
TN0613,8.0,0.5,3.0,24.0,15.0,Low Risk (Cluster: Stable),0.1,No
TN0614,8.0,0.5,3.0,24.0,15.0,Low Risk (Cluster: Stable),0.1,No
TN0615,8.0,0.5,3.0,24.0,15.0,Low Risk (Cluster: Stable),0.1,No
TN0616,8.0,0.5,3.0,24.0,15.0,Low Risk (Cluster: Stable),0.1,No
TN0617,8.0,0.5,3.0,24.0,15.0,Low Risk (Cluster: Stable),0.1,No
TN0618,8.0,0.5,3.0,24.0,15.0,Low Risk (Cluster: Stable),0.1,No
TN0619,8.0,0.5,3.0,24.0,15.0,Low Risk (Cluster: Stable),0.1,No
TN0620,8.0,0.5,3.0,24.0,15.0,Low Risk (Cluster: Stable),0.1,No
TN0621,8.0,0.5,3.0,24.0,15.0,Low Risk (Cluster: Stable),0.1,No
TN0622,8.0,0.5,3.0,24.0,15.0,Low Risk (Cluster: Stable),0.1,No
TN0623,8.0,0.5,3.0,24.0,15.0,Low Risk (Cluster: Stable),0.1,No
TN0624,8.0,0.5,3.0,24.0,15.0,Low Risk (Cluster: Stable),0.1,No
TN0625,8.0,0.5,3.0,24.0,15.0,Low Risk (Cluster: Stable),0.1,No
TN0626,8.0,0.5,3.0,24.0,15.0,Low Risk (Cluster: Stable),0.1,No
TN0627,8.0,0.5,3.0,24.0,15.0,Low Risk (Cluster: Stable),0.1,No
TN0628,8.0,0.5,3.0,24.0,15.0,Low Risk (Cluster: Stable),0.1,No
TN0629,8.0,0.5,3.0,24.0,15.0,Low Risk (Cluster: Stable),0.1,No
TN0630,8.0,0.5,3.0,24.0,15.0,Low Risk (Cluster: Stable),0.1,No
TN0631,8.0,0.5,3.0,24.0,15.0,Low Risk (Cluster: Stable),0.1,No
TN0632,8.0,0.5,3.0,24.0,15.0,Low Risk (Cluster: Stable),0.1,No
TN0633,8.0,0.5,3.0,24.0,15.0,Low Risk (Cluster: Stable),0.1,No
TN0634,8.0,0.5,3.0,24.0,15.0,Low Risk (Cluster: Stable),0.1,No
TN0635,8.0,0.5,3.0,24.0,15.0,Low Risk (Cluster: Stable),0.1,No
TN0636,8.0,0.5,3.0,24.0,15.0,Low Risk (Cluster: Stable),0.1,No
TN0637,8.0,0.5,3.0,24.0,15.0,Low Risk (Cluster: Stable),0.1,No
TN0638,8.0,0.5,3.0,24.0,15.0,Low Risk (Cluster: Stable),0.1,No
TN0639,8.0,0.5,3.0,24.0,15.0,Low Risk (Cluster: Stable),0.1,No
TN0640,8.0,0.5,3.0,24.0,15.0,Low Risk (Cluster: Stable),0.1,No
TN0641,8.0,0.5,3.0,24.0,15.0,Low Risk (Cluster: Stable),0.1,No
TN0642,8.0,0.5,3.0,24.0,15.0,Low Risk (Cluster: Stable),0.1,No
TN0643,8.0,0.5,3.0,24.0,15.0,Low Risk (Cluster: Stable),0.1,No
TN0644,8.0,0.5,3.0,24.0,15.0,Low Risk (Cluster: Stable),0.1,No
TN0645,8.0,0.5,3.0,24.0,15.0,Low Risk (Cluster: Stable),0.1,No
TN0646,8.0,0.5,3.0,24.0,15.0,Low Risk (Cluster: Stable),0.1,No
TN0647,8.0,0.5,3.0,24.0,15.0,Low Risk (Cluster: Stable),0.1,No
TN0648,8.0,0.5,3.0,24.0,15.0,Low Risk (Cluster: Stable),0.1,No
TN0649,8.0,0.5,3.0,24.0,15.0,Low Risk (Cluster: Stable),0.1,No
TN0650,8.0,0.5,3.0,24.0,15.0,Low Risk (Cluster: Stable),0.1,No
TN0651,8.0,0.5,3.0,24.0,15.0,Low Risk (Cluster: Stable),0.1,No
TN0652,8.0,0.5,3.0,24.0,15.0,Low Risk (Cluster: Stable),0.1,No
TN0653,8.0,0.5,3.0,24.0,15.0,Low Risk (Cluster: Stable),0.1,No
TN0654,8.0,0.5,3.0,24.0,15.0,Low Risk (Cluster: Stable),0.1,No
TN0655,8.0,0.5,3.0,24.0,15.0,Low Risk (Cluster: Stable),0.1,No
TN0656,8.0,0.5,3.0,24.0,15.0,Low Risk (Cluster: Stable),0.1,No
TN0657,8.0,0.5,3.0,24.0,15.0,Low Risk (Cluster: Stable),0.1,No
TN0658,8.0,0.5,3.0,24.0,15.0,Low Risk (Cluster: Stable),0.1,No
TN0659,8.0,0.5,3.0,24.0,15.0,Low Risk (Cluster: Stable),0.1,No
TN0660,8.0,0.5,3.0,24.0,15.0,Low Risk (Cluster: Stable),0.1,No
TN0661,8.0,0.5,3.0,24.0,15.0,Low Risk (Cluster: Stable),0.1,No
TN0662,8.0,0.5,3.0,24.0,15.0,Low Risk (Cluster: Stable),0.1,No
TN0663,8.0,0.5,3.0,24.0,15.0,Low Risk (Cluster: Stable),0.1,No
TN0664,8.0,0.5,3.0,24.0,15.0,Low Risk (Cluster: Stable),0.1,No
TN0665,8.0,0.5,3.0,24.0,15.0,Low Risk (Cluster: Stable),0.1,No
TN0666,8.0,0.5,3.0,24.0,15.0,Low Risk (Cluster: Stable),0.1,No
TN0667,8.0,0.5,3.0,24.0,15.0,Low Risk (Cluster: Stable),0.1,No
TN0668,8.0,0.5,3.0,24.0,15.0,Low Risk (Cluster: Stable),0.1,No
TN0669,8.0,0.5,3.0,24.0,15.0,Low Risk (Cluster: Stable),0.1,No
TN0670,8.0,0.5,3.0,24.0,15.0,Low Risk (Cluster: Stable),0.1,No
TN0671,8.0,0.5,3.0,24.0,15.0,Low Risk (Cluster: Stable),0.1,No
TN0672,8.0,0.5,3.0,24.0,15.0,Low Risk (Cluster: Stable),0.1,No
TN0673,8.0,0.5,3.0,24.0,15.0,Low Risk (Cluster: Stable),0.1,No
TN0674,8.0,0.5,3.0,24.0,15.0,Low Risk (Cluster: Stable),0.1,No
TN0675,8.0,0.5,3.0,24.0,15.0,Low Risk (Cluster: Stable),0.1,No
TN0676,8.0,0.5,3.0,24.0,15.0,Low Risk (Cluster: Stable),0.1,No
TN0677,8.0,0.5,3.0,24.0,15.0,Low Risk (Cluster: Stable),0.1,No
TN0678,8.0,0.5,3.0,24.0,15.0,Low Risk (Cluster: Stable),0.1,No
TN0679,8.0,0.5,3.0,24.0,15.0,Low Risk (Cluster: Stable),0.1,No
TN0680,8.0,0.5,3.0,24.0,15.0,Low Risk (Cluster: Stable),0.1,No
TN0681,8.0,0.5,3.0,24.0,15.0,Low Risk (Cluster: Stable),0.1,No
TN0682,8.0,0.5,3.0,24.0,15.0,Low Risk (Cluster: Stable),0.1,No
TN0683,8.0,0.5,3.0,24.0,15.0,Low Risk (Cluster: Stable),0.1,No
TN0684,8.0,0.5,3.0,24.0,15.0,Low Risk (Cluster: Stable),0.1,No
TN0685,8.0,0.5,3.0,24.0,15.0,Low Risk (Cluster: Stable),0.1,No
TN0686,8.0,0.5,3.0,24.0,15.0,Low Risk (Cluster: Stable),0.1,No
TN0687,8.0,0.5,3.0,24.0,15.0,Low Risk (Cluster: Stable),0.1,No
TN0688,8.0,0.5,3.0,24.0,15.0,Low Risk (Cluster: Stable),0.1,No
TN0689,8.0,0.5,3.0,24.0,15.0,Low Risk (Cluster: Stable),0.1,No
TN0690,8.0,0.5,3.0,24.0,15.0,Low Risk (Cluster: Stable),0.1,No
TN0691,8.0,0.5,3.0,24.0,15.0,Low Risk (Cluster: Stable),0.1,No
TN0692,8.0,0.5,3.0,24.0,15.0,Low Risk (Cluster: Stable),0.1,No
TN0693,8.0,0.5,3.0,24.0,15.0,Low Risk (Cluster: Stable),0.1,No
TN0694,8.0,0.5,3.0,24.0,15.0,Low Risk (Cluster: Stable),0.1,No
TN0695,8.0,0.5,3.0,24.0,15.0,Low Risk (Cluster: Stable),0.1,No
TN0696,8.0,0.5,3.0,24.0,15.0,Low Risk (Cluster: Stable),0.1,No
TN0697,8.0,0.5,3.0,24.0,15.0,Low Risk (Cluster: Stable),0.1,No
TN0698,8.0,0.5,3.0,24.0,15.0,Low Risk (Cluster: Stable),0.1,No
TN0699,8.0,0.5,3.0,24.0,15.0,Low Risk (Cluster: Stable),0.1,No
TN0700,8.0,0.5,3.0,24.0,15.0,Low Risk (Cluster: Stable),0.1,No
TN0701,8.0,0.5,3.0,24.0,15.0,Low Risk (Cluster: Stable),0.1,No
TN0702,8.0,0.5,3.0,24.0,15.0,Low Risk (Cluster: Stable),0.1,No
TN0703,8.0,0.5,3.0,24.0,15.0,Low Risk (Cluster: Stable),0.1,No
TN0704,8.0,0.5,3.0,24.0,15.0,Low Risk (Cluster: Stable),0.1,No
TN0705,8.0,0.5,3.0,24.0,15.0,Low Risk (Cluster: Stable),0.1,No
TN0706,8.0,0.5,3.0,24.0,15.0,Low Risk (Cluster: Stable),0.1,No
TN0707,8.0,0.5,3.0,24.0,15.0,Low Risk (Cluster: Stable),0.1,No
TN0708,8.0,0.5,3.0,24.0,15.0,Low Risk (Cluster: Stable),0.1,No
TN0709,8.0,0.5,3.0,24.0,15.0,Low Risk (Cluster: Stable),0.1,No
TN0710,8.0,0.5,3.0,24.0,15.0,Low Risk (Cluster: Stable),0.1,No
TP0000,12.0,-0.5,2.0,12.0,5.0,High Risk (Cluster: At-Risk),0.9,Yes
TP0001,12.0,-0.5,2.0,12.0,5.0,High Risk (Cluster: At-Risk),0.9,Yes
TP0002,12.0,-0.5,2.0,12.0,5.0,High Risk (Cluster: At-Risk),0.9,Yes
TP0003,12.0,-0.5,2.0,12.0,5.0,High Risk (Cluster: At-Risk),0.9,Yes
TP0004,12.0,-0.5,2.0,12.0,5.0,High Risk (Cluster: At-Risk),0.9,Yes
TP0005,12.0,-0.5,2.0,12.0,5.0,High Risk (Cluster: At-Risk),0.9,Yes
TP0006,12.0,-0.5,2.0,12.0,5.0,High Risk (Cluster: At-Risk),0.9,Yes
TP0007,12.0,-0.5,2.0,12.0,5.0,High Risk (Cluster: At-Risk),0.9,Yes
TP0008,12.0,-0.5,2.0,12.0,5.0,High Risk (Cluster: At-Risk),0.9,Yes
TP0009,12.0,-0.5,2.0,12.0,5.0,High Risk (Cluster: At-Risk),0.9,Yes
TP0010,12.0,-0.5,2.0,12.0,5.0,High Risk (Cluster: At-Risk),0.9,Yes
TP0011,12.0,-0.5,2.0,12.0,5.0,High Risk (Cluster: At-Risk),0.9,Yes
TP0012,12.0,-0.5,2.0,12.0,5.0,High Risk (Cluster: At-Risk),0.9,Yes
TP0013,12.0,-0.5,2.0,12.0,5.0,High Risk (Cluster: At-Risk),0.9,Yes
TP0014,12.0,-0.5,2.0,12.0,5.0,High Risk (Cluster: At-Risk),0.9,Yes
TP0015,12.0,-0.5,2.0,12.0,5.0,High Risk (Cluster: At-Risk),0.9,Yes
TP0016,12.0,-0.5,2.0,12.0,5.0,High Risk (Cluster: At-Risk),0.9,Yes
TP0017,12.0,-0.5,2.0,12.0,5.0,High Risk (Cluster: At-Risk),0.9,Yes
TP0018,12.0,-0.5,2.0,12.0,5.0,High Risk (Cluster: At-Risk),0.9,Yes
TP0019,12.0,-0.5,2.0,12.0,5.0,High Risk (Cluster: At-Risk),0.9,Yes
TP0020,12.0,-0.5,2.0,12.0,5.0,High Risk (Cluster: At-Risk),0.9,Yes
TP0021,12.0,-0.5,2.0,12.0,5.0,High Risk (Cluster: At-Risk),0.9,Yes
TP0022,12.0,-0.5,2.0,12.0,5.0,High Risk (Cluster: At-Risk),0.9,Yes
TP0023,12.0,-0.5,2.0,12.0,5.0,High Risk (Cluster: At-Risk),0.9,Yes
TP0024,12.0,-0.5,2.0,12.0,5.0,High Risk (Cluster: At-Risk),0.9,Yes
TP0025,12.0,-0.5,2.0,12.0,5.0,High Risk (Cluster: At-Risk),0.9,Yes
TP0026,12.0,-0.5,2.0,12.0,5.0,High Risk (Cluster: At-Risk),0.9,Yes
TP0027,12.0,-0.5,2.0,12.0,5.0,High Risk (Cluster: At-Risk),0.9,Yes
TP0028,12.0,-0.5,2.0,12.0,5.0,High Risk (Cluster: At-Risk),0.9,Yes
TP0029,12.0,-0.5,2.0,12.0,5.0,High Risk (Cluster: At-Risk),0.9,Yes
TP0030,12.0,-0.5,2.0,12.0,5.0,High Risk (Cluster: At-Risk),0.9,Yes
TP0031,12.0,-0.5,2.0,12.0,5.0,High Risk (Cluster: At-Risk),0.9,Yes
TP0032,12.0,-0.5,2.0,12.0,5.0,High Risk (Cluster: At-Risk),0.9,Yes
TP0033,12.0,-0.5,2.0,12.0,5.0,High Risk (Cluster: At-Risk),0.9,Yes
TP0034,12.0,-0.5,2.0,12.0,5.0,High Risk (Cluster: At-Risk),0.9,Yes
TP0035,12.0,-0.5,2.0,12.0,5.0,High Risk (Cluster: At-Risk),0.9,Yes
TP0036,12.0,-0.5,2.0,12.0,5.0,High Risk (Cluster: At-Risk),0.9,Yes
TP0037,12.0,-0.5,2.0,12.0,5.0,High Risk (Cluster: At-Risk),0.9,Yes
TP0038,12.0,-0.5,2.0,12.0,5.0,High Risk (Cluster: At-Risk),0.9,Yes
TP0039,12.0,-0.5,2.0,12.0,5.0,High Risk (Cluster: At-Risk),0.9,Yes
TP0040,12.0,-0.5,2.0,12.0,5.0,High Risk (Cluster: At-Risk),0.9,Yes
TP0041,12.0,-0.5,2.0,12.0,5.0,High Risk (Cluster: At-Risk),0.9,Yes
TP0042,12.0,-0.5,2.0,12.0,5.0,High Risk (Cluster: At-Risk),0.9,Yes
TP0043,12.0,-0.5,2.0,12.0,5.0,High Risk (Cluster: At-Risk),0.9,Yes
TP0044,12.0,-0.5,2.0,12.0,5.0,High Risk (Cluster: At-Risk),0.9,Yes
TP0045,12.0,-0.5,2.0,12.0,5.0,High Risk (Cluster: At-Risk),0.9,Yes
TP0046,12.0,-0.5,2.0,12.0,5.0,High Risk (Cluster: At-Risk),0.9,Yes
TP0047,12.0,-0.5,2.0,12.0,5.0,High Risk (Cluster: At-Risk),0.9,Yes
TP0048,12.0,-0.5,2.0,12.0,5.0,High Risk (Cluster: At-Risk),0.9,Yes
TP0049,12.0,-0.5,2.0,12.0,5.0,High Risk (Cluster: At-Risk),0.9,Yes
TP0050,12.0,-0.5,2.0,12.0,5.0,High Risk (Cluster: At-Risk),0.9,Yes
TP0051,12.0,-0.5,2.0,12.0,5.0,High Risk (Cluster: At-Risk),0.9,Yes
TP0052,12.0,-0.5,2.0,12.0,5.0,High Risk (Cluster: At-Risk),0.9,Yes
TP0053,12.0,-0.5,2.0,12.0,5.0,High Risk (Cluster: At-Risk),0.9,Yes
TP0054,12.0,-0.5,2.0,12.0,5.0,High Risk (Cluster: At-Risk),0.9,Yes
TP0055,12.0,-0.5,2.0,12.0,5.0,High Risk (Cluster: At-Risk),0.9,Yes
TP0056,12.0,-0.5,2.0,12.0,5.0,High Risk (Cluster: At-Risk),0.9,Yes
TP0057,12.0,-0.5,2.0,12.0,5.0,High Risk (Cluster: At-Risk),0.9,Yes
TP0058,12.0,-0.5,2.0,12.0,5.0,High Risk (Cluster: At-Risk),0.9,Yes
TP0059,12.0,-0.5,2.0,12.0,5.0,High Risk (Cluster: At-Risk),0.9,Yes
TP0060,12.0,-0.5,2.0,12.0,5.0,High Risk (Cluster: At-Risk),0.9,Yes
TP0061,12.0,-0.5,2.0,12.0,5.0,High Risk (Cluster: At-Risk),0.9,Yes
TP0062,12.0,-0.5,2.0,12.0,5.0,High Risk (Cluster: At-Risk),0.9,Yes
TP0063,12.0,-0.5,2.0,12.0,5.0,High Risk (Cluster: At-Risk),0.9,Yes
TP0064,12.0,-0.5,2.0,12.0,5.0,High Risk (Cluster: At-Risk),0.9,Yes
TP0065,12.0,-0.5,2.0,12.0,5.0,High Risk (Cluster: At-Risk),0.9,Yes
TP0066,12.0,-0.5,2.0,12.0,5.0,High Risk (Cluster: At-Risk),0.9,Yes
TP0067,12.0,-0.5,2.0,12.0,5.0,High Risk (Cluster: At-Risk),0.9,Yes
TP0068,12.0,-0.5,2.0,12.0,5.0,High Risk (Cluster: At-Risk),0.9,Yes
TP0069,12.0,-0.5,2.0,12.0,5.0,High Risk (Cluster: At-Risk),0.9,Yes
TP0070,12.0,-0.5,2.0,12.0,5.0,High Risk (Cluster: At-Risk),0.9,Yes
TP0071,12.0,-0.5,2.0,12.0,5.0,High Risk (Cluster: At-Risk),0.9,Yes
TP0072,12.0,-0.5,2.0,12.0,5.0,High Risk (Cluster: At-Risk),0.9,Yes
TP0073,12.0,-0.5,2.0,12.0,5.0,High Risk (Cluster: At-Risk),0.9,Yes
TP0074,12.0,-0.5,2.0,12.0,5.0,High Risk (Cluster: At-Risk),0.9,Yes
TP0075,12.0,-0.5,2.0,12.0,5.0,High Risk (Cluster: At-Risk),0.9,Yes
TP0076,12.0,-0.5,2.0,12.0,5.0,High Risk (Cluster: At-Risk),0.9,Yes
TP0077,12.0,-0.5,2.0,12.0,5.0,High Risk (Cluster: At-Risk),0.9,Yes
TP0078,12.0,-0.5,2.0,12.0,5.0,High Risk (Cluster: At-Risk),0.9,Yes
TP0079,12.0,-0.5,2.0,12.0,5.0,High Risk (Cluster: At-Risk),0.9,Yes
TP0080,12.0,-0.5,2.0,12.0,5.0,High Risk (Cluster: At-Risk),0.9,Yes
TP0081,12.0,-0.5,2.0,12.0,5.0,High Risk (Cluster: At-Risk),0.9,Yes
TP0082,12.0,-0.5,2.0,12.0,5.0,High Risk (Cluster: At-Risk),0.9,Yes
TP0083,12.0,-0.5,2.0,12.0,5.0,High Risk (Cluster: At-Risk),0.9,Yes
TP0084,12.0,-0.5,2.0,12.0,5.0,High Risk (Cluster: At-Risk),0.9,Yes
TP0085,12.0,-0.5,2.0,12.0,5.0,High Risk (Cluster: At-Risk),0.9,Yes
TP0086,12.0,-0.5,2.0,12.0,5.0,High Risk (Cluster: At-Risk),0.9,Yes
TP0087,12.0,-0.5,2.0,12.0,5.0,High Risk (Cluster: At-Risk),0.9,Yes
TP0088,12.0,-0.5,2.0,12.0,5.0,High Risk (Cluster: At-Risk),0.9,Yes
TP0089,12.0,-0.5,2.0,12.0,5.0,High Risk (Cluster: At-Risk),0.9,Yes
TP0090,12.0,-0.5,2.0,12.0,5.0,High Risk (Cluster: At-Risk),0.9,Yes
TP0091,12.0,-0.5,2.0,12.0,5.0,High Risk (Cluster: At-Risk),0.9,Yes
TP0092,12.0,-0.5,2.0,12.0,5.0,High Risk (Cluster: At-Risk),0.9,Yes
TP0093,12.0,-0.5,2.0,12.0,5.0,High Risk (Cluster: At-Risk),0.9,Yes
TP0094,12.0,-0.5,2.0,12.0,5.0,High Risk (Cluster: At-Risk),0.9,Yes
TP0095,12.0,-0.5,2.0,12.0,5.0,High Risk (Cluster: At-Risk),0.9,Yes
TP0096,12.0,-0.5,2.0,12.0,5.0,High Risk (Cluster: At-Risk),0.9,Yes
TP0097,12.0,-0.5,2.0,12.0,5.0,High Risk (Cluster: At-Risk),0.9,Yes
TP0098,12.0,-0.5,2.0,12.0,5.0,High Risk (Cluster: At-Risk),0.9,Yes
TP0099,12.0,-0.5,2.0,12.0,5.0,High Risk (Cluster: At-Risk),0.9,Yes
TP0100,12.0,-0.5,2.0,12.0,5.0,High Risk (Cluster: At-Risk),0.9,Yes
TP0101,12.0,-0.5,2.0,12.0,5.0,High Risk (Cluster: At-Risk),0.9,Yes
TP0102,12.0,-0.5,2.0,12.0,5.0,High Risk (Cluster: At-Risk),0.9,Yes
TP0103,12.0,-0.5,2.0,12.0,5.0,High Risk (Cluster: At-Risk),0.9,Yes
TP0104,12.0,-0.5,2.0,12.0,5.0,High Risk (Cluster: At-Risk),0.9,Yes
TP0105,12.0,-0.5,2.0,12.0,5.0,High Risk (Cluster: At-Risk),0.9,Yes
TP0106,12.0,-0.5,2.0,12.0,5.0,High Risk (Cluster: At-Risk),0.9,Yes
TP0107,12.0,-0.5,2.0,12.0,5.0,High Risk (Cluster: At-Risk),0.9,Yes
TP0108,12.0,-0.5,2.0,12.0,5.0,High Risk (Cluster: At-Risk),0.9,Yes
TP0109,12.0,-0.5,2.0,12.0,5.0,High Risk (Cluster: At-Risk),0.9,Yes
TP0110,12.0,-0.5,2.0,12.0,5.0,High Risk (Cluster: At-Risk),0.9,Yes
TP0111,12.0,-0.5,2.0,12.0,5.0,High Risk (Cluster: At-Risk),0.9,Yes
TP0112,12.0,-0.5,2.0,12.0,5.0,High Risk (Cluster: At-Risk),0.9,Yes
TP0113,12.0,-0.5,2.0,12.0,5.0,High Risk (Cluster: At-Risk),0.9,Yes
TP0114,12.0,-0.5,2.0,12.0,5.0,High Risk (Cluster: At-Risk),0.9,Yes
TP0115,12.0,-0.5,2.0,12.0,5.0,High Risk (Cluster: At-Risk),0.9,Yes
TP0116,12.0,-0.5,2.0,12.0,5.0,High Risk (Cluster: At-Risk),0.9,Yes
TP0117,12.0,-0.5,2.0,12.0,5.0,High Risk (Cluster: At-Risk),0.9,Yes
TP0118,12.0,-0.5,2.0,12.0,5.0,High Risk (Cluster: At-Risk),0.9,Yes
TP0119,12.0,-0.5,2.0,12.0,5.0,High Risk (Cluster: At-Risk),0.9,Yes
TP0120,12.0,-0.5,2.0,12.0,5.0,High Risk (Cluster: At-Risk),0.9,Yes
TP0121,12.0,-0.5,2.0,12.0,5.0,High Risk (Cluster: At-Risk),0.9,Yes
TP0122,12.0,-0.5,2.0,12.0,5.0,High Risk (Cluster: At-Risk),0.9,Yes
TP0123,12.0,-0.5,2.0,12.0,5.0,High Risk (Cluster: At-Risk),0.9,Yes
TP0124,12.0,-0.5,2.0,12.0,5.0,High Risk (Cluster: At-Risk),0.9,Yes
TP0125,12.0,-0.5,2.0,12.0,5.0,High Risk (Cluster: At-Risk),0.9,Yes
TP0126,12.0,-0.5,2.0,12.0,5.0,High Risk (Cluster: At-Risk),0.9,Yes
TP0127,12.0,-0.5,2.0,12.0,5.0,High Risk (Cluster: At-Risk),0.9,Yes
TP0128,12.0,-0.5,2.0,12.0,5.0,High Risk (Cluster: At-Risk),0.9,Yes
TP0129,12.0,-0.5,2.0,12.0,5.0,High Risk (Cluster: At-Risk),0.9,Yes
TP0130,12.0,-0.5,2.0,12.0,5.0,High Risk (Cluster: At-Risk),0.9,Yes
TP0131,12.0,-0.5,2.0,12.0,5.0,High Risk (Cluster: At-Risk),0.9,Yes
TP0132,12.0,-0.5,2.0,12.0,5.0,High Risk (Cluster: At-Risk),0.9,Yes
TP0133,12.0,-0.5,2.0,12.0,5.0,High Risk (Cluster: At-Risk),0.9,Yes
TP0134,12.0,-0.5,2.0,12.0,5.0,High Risk (Cluster: At-Risk),0.9,Yes
TP0135,12.0,-0.5,2.0,12.0,5.0,High Risk (Cluster: At-Risk),0.9,Yes
TP0136,12.0,-0.5,2.0,12.0,5.0,High Risk (Cluster: At-Risk),0.9,Yes
TP0137,12.0,-0.5,2.0,12.0,5.0,High Risk (Cluster: At-Risk),0.9,Yes
TP0138,12.0,-0.5,2.0,12.0,5.0,High Risk (Cluster: At-Risk),0.9,Yes
TP0139,12.0,-0.5,2.0,12.0,5.0,High Risk (Cluster: At-Risk),0.9,Yes
TP0140,12.0,-0.5,2.0,12.0,5.0,High Risk (Cluster: At-Risk),0.9,Yes
TP0141,12.0,-0.5,2.0,12.0,5.0,High Risk (Cluster: At-Risk),0.9,Yes
TP0142,12.0,-0.5,2.0,12.0,5.0,High Risk (Cluster: At-Risk),0.9,Yes
TP0143,12.0,-0.5,2.0,12.0,5.0,High Risk (Cluster: At-Risk),0.9,Yes
TP0144,12.0,-0.5,2.0,12.0,5.0,High Risk (Cluster: At-Risk),0.9,Yes
TP0145,12.0,-0.5,2.0,12.0,5.0,High Risk (Cluster: At-Risk),0.9,Yes
TP0146,12.0,-0.5,2.0,12.0,5.0,High Risk (Cluster: At-Risk),0.9,Yes
TP0147,12.0,-0.5,2.0,12.0,5.0,High Risk (Cluster: At-Risk),0.9,Yes
TP0148,12.0,-0.5,2.0,12.0,5.0,High Risk (Cluster: At-Risk),0.9,Yes
TP0149,12.0,-0.5,2.0,12.0,5.0,High Risk (Cluster: At-Risk),0.9,Yes
TP0150,12.0,-0.5,2.0,12.0,5.0,High Risk (Cluster: At-Risk),0.9,Yes
TP0151,12.0,-0.5,2.0,12.0,5.0,High Risk (Cluster: At-Risk),0.9,Yes
TP0152,12.0,-0.5,2.0,12.0,5.0,High Risk (Cluster: At-Risk),0.9,Yes
TP0153,12.0,-0.5,2.0,12.0,5.0,High Risk (Cluster: At-Risk),0.9,Yes
TP0154,12.0,-0.5,2.0,12.0,5.0,High Risk (Cluster: At-Risk),0.9,Yes
TP0155,12.0,-0.5,2.0,12.0,5.0,High Risk (Cluster: At-Risk),0.9,Yes
TP0156,12.0,-0.5,2.0,12.0,5.0,High Risk (Cluster: At-Risk),0.9,Yes
TP0157,12.0,-0.5,2.0,12.0,5.0,High Risk (Cluster: At-Risk),0.9,Yes
TP0158,12.0,-0.5,2.0,12.0,5.0,High Risk (Cluster: At-Risk),0.9,Yes
TP0159,12.0,-0.5,2.0,12.0,5.0,High Risk (Cluster: At-Risk),0.9,Yes
TP0160,12.0,-0.5,2.0,12.0,5.0,High Risk (Cluster: At-Risk),0.9,Yes
TP0161,12.0,-0.5,2.0,12.0,5.0,High Risk (Cluster: At-Risk),0.9,Yes
TP0162,12.0,-0.5,2.0,12.0,5.0,High Risk (Cluster: At-Risk),0.9,Yes
TP0163,12.0,-0.5,2.0,12.0,5.0,High Risk (Cluster: At-Risk),0.9,Yes
TP0164,12.0,-0.5,2.0,12.0,5.0,High Risk (Cluster: At-Risk),0.9,Yes
TP0165,12.0,-0.5,2.0,12.0,5.0,High Risk (Cluster: At-Risk),0.9,Yes
TP0166,12.0,-0.5,2.0,12.0,5.0,High Risk (Cluster: At-Risk),0.9,Yes
TP0167,12.0,-0.5,2.0,12.0,5.0,High Risk (Cluster: At-Risk),0.9,Yes
TP0168,12.0,-0.5,2.0,12.0,5.0,High Risk (Cluster: At-Risk),0.9,Yes
TP0169,12.0,-0.5,2.0,12.0,5.0,High Risk (Cluster: At-Risk),0.9,Yes
TP0170,12.0,-0.5,2.0,12.0,5.0,High Risk (Cluster: At-Risk),0.9,Yes
TP0171,12.0,-0.5,2.0,12.0,5.0,High Risk (Cluster: At-Risk),0.9,Yes
TP0172,12.0,-0.5,2.0,12.0,5.0,High Risk (Cluster: At-Risk),0.9,Yes
TP0173,12.0,-0.5,2.0,12.0,5.0,High Risk (Cluster: At-Risk),0.9,Yes
TP0174,12.0,-0.5,2.0,12.0,5.0,High Risk (Cluster: At-Risk),0.9,Yes
TP0175,12.0,-0.5,2.0,12.0,5.0,High Risk (Cluster: At-Risk),0.9,Yes
TP0176,12.0,-0.5,2.0,12.0,5.0,High Risk (Cluster: At-Risk),0.9,Yes
TP0177,12.0,-0.5,2.0,12.0,5.0,High Risk (Cluster: At-Risk),0.9,Yes
TP0178,12.0,-0.5,2.0,12.0,5.0,High Risk (Cluster: At-Risk),0.9,Yes
TP0179,12.0,-0.5,2.0,12.0,5.0,High Risk (Cluster: At-Risk),0.9,Yes
TP0180,12.0,-0.5,2.0,12.0,5.0,High Risk (Cluster: At-Risk),0.9,Yes
TP0181,12.0,-0.5,2.0,12.0,5.0,High Risk (Cluster: At-Risk),0.9,Yes
TP0182,12.0,-0.5,2.0,12.0,5.0,High Risk (Cluster: At-Risk),0.9,Yes
TP0183,12.0,-0.5,2.0,12.0,5.0,High Risk (Cluster: At-Risk),0.9,Yes
TP0184,12.0,-0.5,2.0,12.0,5.0,High Risk (Cluster: At-Risk),0.9,Yes
TP0185,12.0,-0.5,2.0,12.0,5.0,High Risk (Cluster: At-Risk),0.9,Yes
TP0186,12.0,-0.5,2.0,12.0,5.0,High Risk (Cluster: At-Risk),0.9,Yes
TP0187,12.0,-0.5,2.0,12.0,5.0,High Risk (Cluster: At-Risk),0.9,Yes
TP0188,12.0,-0.5,2.0,12.0,5.0,High Risk (Cluster: At-Risk),0.9,Yes
TP0189,12.0,-0.5,2.0,12.0,5.0,High Risk (Cluster: At-Risk),0.9,Yes
TP0190,12.0,-0.5,2.0,12.0,5.0,High Risk (Cluster: At-Risk),0.9,Yes
TP0191,12.0,-0.5,2.0,12.0,5.0,High Risk (Cluster: At-Risk),0.9,Yes
TP0192,12.0,-0.5,2.0,12.0,5.0,High Risk (Cluster: At-Risk),0.9,Yes
TP0193,12.0,-0.5,2.0,12.0,5.0,High Risk (Cluster: At-Risk),0.9,Yes
TP0194,12.0,-0.5,2.0,12.0,5.0,High Risk (Cluster: At-Risk),0.9,Yes
TP0195,12.0,-0.5,2.0,12.0,5.0,High Risk (Cluster: At-Risk),0.9,Yes
TP0196,12.0,-0.5,2.0,12.0,5.0,High Risk (Cluster: At-Risk),0.9,Yes
TP0197,12.0,-0.5,2.0,12.0,5.0,High Risk (Cluster: At-Risk),0.9,Yes
TP0198,12.0,-0.5,2.0,12.0,5.0,High Risk (Cluster: At-Risk),0.9,Yes
TP0199,12.0,-0.5,2.0,12.0,5.0,High Risk (Cluster: At-Risk),0.9,Yes
TP0200,12.0,-0.5,2.0,12.0,5.0,High Risk (Cluster: At-Risk),0.9,Yes
TP0201,12.0,-0.5,2.0,12.0,5.0,High Risk (Cluster: At-Risk),0.9,Yes
TP0202,12.0,-0.5,2.0,12.0,5.0,High Risk (Cluster: At-Risk),0.9,Yes
TP0203,12.0,-0.5,2.0,12.0,5.0,High Risk (Cluster: At-Risk),0.9,Yes
TP0204,12.0,-0.5,2.0,12.0,5.0,High Risk (Cluster: At-Risk),0.9,Yes
TP0205,12.0,-0.5,2.0,12.0,5.0,High Risk (Cluster: At-Risk),0.9,Yes
TP0206,12.0,-0.5,2.0,12.0,5.0,High Risk (Cluster: At-Risk),0.9,Yes
TP0207,12.0,-0.5,2.0,12.0,5.0,High Risk (Cluster: At-Risk),0.9,Yes
TP0208,12.0,-0.5,2.0,12.0,5.0,High Risk (Cluster: At-Risk),0.9,Yes
TP0209,12.0,-0.5,2.0,12.0,5.0,High Risk (Cluster: At-Risk),0.9,Yes
TP0210,12.0,-0.5,2.0,12.0,5.0,High Risk (Cluster: At-Risk),0.9,Yes
TP0211,12.0,-0.5,2.0,12.0,5.0,High Risk (Cluster: At-Risk),0.9,Yes
TP0212,12.0,-0.5,2.0,12.0,5.0,High Risk (Cluster: At-Risk),0.9,Yes
TP0213,12.0,-0.5,2.0,12.0,5.0,High Risk (Cluster: At-Risk),0.9,Yes
TP0214,12.0,-0.5,2.0,12.0,5.0,High Risk (Cluster: At-Risk),0.9,Yes
TP0215,12.0,-0.5,2.0,12.0,5.0,High Risk (Cluster: At-Risk),0.9,Yes
TP0216,12.0,-0.5,2.0,12.0,5.0,High Risk (Cluster: At-Risk),0.9,Yes
TP0217,12.0,-0.5,2.0,12.0,5.0,High Risk (Cluster: At-Risk),0.9,Yes
TP0218,12.0,-0.5,2.0,12.0,5.0,High Risk (Cluster: At-Risk),0.9,Yes
TP0219,12.0,-0.5,2.0,12.0,5.0,High Risk (Cluster: At-Risk),0.9,Yes
TP0220,12.0,-0.5,2.0,12.0,5.0,High Risk (Cluster: At-Risk),0.9,Yes
TP0221,12.0,-0.5,2.0,12.0,5.0,High Risk (Cluster: At-Risk),0.9,Yes
TP0222,12.0,-0.5,2.0,12.0,5.0,High Risk (Cluster: At-Risk),0.9,Yes
TP0223,12.0,-0.5,2.0,12.0,5.0,High Risk (Cluster: At-Risk),0.9,Yes
TP0224,12.0,-0.5,2.0,12.0,5.0,High Risk (Cluster: At-Risk),0.9,Yes
TP0225,12.0,-0.5,2.0,12.0,5.0,High Risk (Cluster: At-Risk),0.9,Yes
TP0226,12.0,-0.5,2.0,12.0,5.0,High Risk (Cluster: At-Risk),0.9,Yes
TP0227,12.0,-0.5,2.0,12.0,5.0,High Risk (Cluster: At-Risk),0.9,Yes
TP0228,12.0,-0.5,2.0,12.0,5.0,High Risk (Cluster: At-Risk),0.9,Yes
TP0229,12.0,-0.5,2.0,12.0,5.0,High Risk (Cluster: At-Risk),0.9,Yes
TP0230,12.0,-0.5,2.0,12.0,5.0,High Risk (Cluster: At-Risk),0.9,Yes
TP0231,12.0,-0.5,2.0,12.0,5.0,High Risk (Cluster: At-Risk),0.9,Yes
TP0232,12.0,-0.5,2.0,12.0,5.0,High Risk (Cluster: At-Risk),0.9,Yes
TP0233,12.0,-0.5,2.0,12.0,5.0,High Risk (Cluster: At-Risk),0.9,Yes
TP0234,12.0,-0.5,2.0,12.0,5.0,High Risk (Cluster: At-Risk),0.9,Yes
TP0235,12.0,-0.5,2.0,12.0,5.0,High Risk (Cluster: At-Risk),0.9,Yes
TP0236,12.0,-0.5,2.0,12.0,5.0,High Risk (Cluster: At-Risk),0.9,Yes
TP0237,12.0,-0.5,2.0,12.0,5.0,High Risk (Cluster: At-Risk),0.9,Yes
TP0238,12.0,-0.5,2.0,12.0,5.0,High Risk (Cluster: At-Risk),0.9,Yes
TP0239,12.0,-0.5,2.0,12.0,5.0,High Risk (Cluster: At-Risk),0.9,Yes
TP0240,12.0,-0.5,2.0,12.0,5.0,High Risk (Cluster: At-Risk),0.9,Yes
TP0241,12.0,-0.5,2.0,12.0,5.0,High Risk (Cluster: At-Risk),0.9,Yes
TP0242,12.0,-0.5,2.0,12.0,5.0,High Risk (Cluster: At-Risk),0.9,Yes
TP0243,12.0,-0.5,2.0,12.0,5.0,High Risk (Cluster: At-Risk),0.9,Yes
TP0244,12.0,-0.5,2.0,12.0,5.0,High Risk (Cluster: At-Risk),0.9,Yes
TP0245,12.0,-0.5,2.0,12.0,5.0,High Risk (Cluster: At-Risk),0.9,Yes
TP0246,12.0,-0.5,2.0,12.0,5.0,High Risk (Cluster: At-Risk),0.9,Yes
TP0247,12.0,-0.5,2.0,12.0,5.0,High Risk (Cluster: At-Risk),0.9,Yes
TP0248,12.0,-0.5,2.0,12.0,5.0,High Risk (Cluster: At-Risk),0.9,Yes
TP0249,12.0,-0.5,2.0,12.0,5.0,High Risk (Cluster: At-Risk),0.9,Yes
TP0250,12.0,-0.5,2.0,12.0,5.0,High Risk (Cluster: At-Risk),0.9,Yes
TP0251,12.0,-0.5,2.0,12.0,5.0,High Risk (Cluster: At-Risk),0.9,Yes
TP0252,12.0,-0.5,2.0,12.0,5.0,High Risk (Cluster: At-Risk),0.9,Yes
TP0253,12.0,-0.5,2.0,12.0,5.0,High Risk (Cluster: At-Risk),0.9,Yes
TP0254,12.0,-0.5,2.0,12.0,5.0,High Risk (Cluster: At-Risk),0.9,Yes
TP0255,12.0,-0.5,2.0,12.0,5.0,High Risk (Cluster: At-Risk),0.9,Yes
TP0256,12.0,-0.5,2.0,12.0,5.0,High Risk (Cluster: At-Risk),0.9,Yes
TP0257,12.0,-0.5,2.0,12.0,5.0,High Risk (Cluster: At-Risk),0.9,Yes
TP0258,12.0,-0.5,2.0,12.0,5.0,High Risk (Cluster: At-Risk),0.9,Yes
TP0259,12.0,-0.5,2.0,12.0,5.0,High Risk (Cluster: At-Risk),0.9,Yes
TP0260,12.0,-0.5,2.0,12.0,5.0,High Risk (Cluster: At-Risk),0.9,Yes
TP0261,12.0,-0.5,2.0,12.0,5.0,High Risk (Cluster: At-Risk),0.9,Yes
TP0262,12.0,-0.5,2.0,12.0,5.0,High Risk (Cluster: At-Risk),0.9,Yes
TP0263,12.0,-0.5,2.0,12.0,5.0,High Risk (Cluster: At-Risk),0.9,Yes
TP0264,12.0,-0.5,2.0,12.0,5.0,High Risk (Cluster: At-Risk),0.9,Yes
TP0265,12.0,-0.5,2.0,12.0,5.0,High Risk (Cluster: At-Risk),0.9,Yes
TP0266,12.0,-0.5,2.0,12.0,5.0,High Risk (Cluster: At-Risk),0.9,Yes
TP0267,12.0,-0.5,2.0,12.0,5.0,High Risk (Cluster: At-Risk),0.9,Yes
TP0268,12.0,-0.5,2.0,12.0,5.0,High Risk (Cluster: At-Risk),0.9,Yes
TP0269,12.0,-0.5,2.0,12.0,5.0,High Risk (Cluster: At-Risk),0.9,Yes
TP0270,12.0,-0.5,2.0,12.0,5.0,High Risk (Cluster: At-Risk),0.9,Yes
TP0271,12.0,-0.5,2.0,12.0,5.0,High Risk (Cluster: At-Risk),0.9,Yes
TP0272,12.0,-0.5,2.0,12.0,5.0,High Risk (Cluster: At-Risk),0.9,Yes
TP0273,12.0,-0.5,2.0,12.0,5.0,High Risk (Cluster: At-Risk),0.9,Yes
TP0274,12.0,-0.5,2.0,12.0,5.0,High Risk (Cluster: At-Risk),0.9,Yes
TP0275,12.0,-0.5,2.0,12.0,5.0,High Risk (Cluster: At-Risk),0.9,Yes
TP0276,12.0,-0.5,2.0,12.0,5.0,High Risk (Cluster: At-Risk),0.9,Yes
TP0277,12.0,-0.5,2.0,12.0,5.0,High Risk (Cluster: At-Risk),0.9,Yes
TP0278,12.0,-0.5,2.0,12.0,5.0,High Risk (Cluster: At-Risk),0.9,Yes
TP0279,12.0,-0.5,2.0,12.0,5.0,High Risk (Cluster: At-Risk),0.9,Yes
TP0280,12.0,-0.5,2.0,12.0,5.0,High Risk (Cluster: At-Risk),0.9,Yes
TP0281,12.0,-0.5,2.0,12.0,5.0,High Risk (Cluster: At-Risk),0.9,Yes
TP0282,12.0,-0.5,2.0,12.0,5.0,High Risk (Cluster: At-Risk),0.9,Yes
TP0283,12.0,-0.5,2.0,12.0,5.0,High Risk (Cluster: At-Risk),0.9,Yes
TP0284,12.0,-0.5,2.0,12.0,5.0,High Risk (Cluster: At-Risk),0.9,Yes
TP0285,12.0,-0.5,2.0,12.0,5.0,High Risk (Cluster: At-Risk),0.9,Yes
TP0286,12.0,-0.5,2.0,12.0,5.0,High Risk (Cluster: At-Risk),0.9,Yes
TP0287,12.0,-0.5,2.0,12.0,5.0,High Risk (Cluster: At-Risk),0.9,Yes
TP0288,12.0,-0.5,2.0,12.0,5.0,High Risk (Cluster: At-Risk),0.9,Yes
TP0289,12.0,-0.5,2.0,12.0,5.0,High Risk (Cluster: At-Risk),0.9,Yes
TP0290,12.0,-0.5,2.0,12.0,5.0,High Risk (Cluster: At-Risk),0.9,Yes
TP0291,12.0,-0.5,2.0,12.0,5.0,High Risk (Cluster: At-Risk),0.9,Yes
TP0292,12.0,-0.5,2.0,12.0,5.0,High Risk (Cluster: At-Risk),0.9,Yes
TP0293,12.0,-0.5,2.0,12.0,5.0,High Risk (Cluster: At-Risk),0.9,Yes
TP0294,12.0,-0.5,2.0,12.0,5.0,High Risk (Cluster: At-Risk),0.9,Yes
TP0295,12.0,-0.5,2.0,12.0,5.0,High Risk (Cluster: At-Risk),0.9,Yes
TP0296,12.0,-0.5,2.0,12.0,5.0,High Risk (Cluster: At-Risk),0.9,Yes
TP0297,12.0,-0.5,2.0,12.0,5.0,High Risk (Cluster: At-Risk),0.9,Yes
TP0298,12.0,-0.5,2.0,12.0,5.0,High Risk (Cluster: At-Risk),0.9,Yes
TP0299,12.0,-0.5,2.0,12.0,5.0,High Risk (Cluster: At-Risk),0.9,Yes
TP0300,12.0,-0.5,2.0,12.0,5.0,High Risk (Cluster: At-Risk),0.9,Yes
TP0301,12.0,-0.5,2.0,12.0,5.0,High Risk (Cluster: At-Risk),0.9,Yes
TP0302,12.0,-0.5,2.0,12.0,5.0,High Risk (Cluster: At-Risk),0.9,Yes
TP0303,12.0,-0.5,2.0,12.0,5.0,High Risk (Cluster: At-Risk),0.9,Yes
TP0304,12.0,-0.5,2.0,12.0,5.0,High Risk (Cluster: At-Risk),0.9,Yes
TP0305,12.0,-0.5,2.0,12.0,5.0,High Risk (Cluster: At-Risk),0.9,Yes
TP0306,12.0,-0.5,2.0,12.0,5.0,High Risk (Cluster: At-Risk),0.9,Yes
TP0307,12.0,-0.5,2.0,12.0,5.0,High Risk (Cluster: At-Risk),0.9,Yes
TP0308,12.0,-0.5,2.0,12.0,5.0,High Risk (Cluster: At-Risk),0.9,Yes
TP0309,12.0,-0.5,2.0,12.0,5.0,High Risk (Cluster: At-Risk),0.9,Yes
TP0310,12.0,-0.5,2.0,12.0,5.0,High Risk (Cluster: At-Risk),0.9,Yes
TP0311,12.0,-0.5,2.0,12.0,5.0,High Risk (Cluster: At-Risk),0.9,Yes
TP0312,12.0,-0.5,2.0,12.0,5.0,High Risk (Cluster: At-Risk),0.9,Yes
TP0313,12.0,-0.5,2.0,12.0,5.0,High Risk (Cluster: At-Risk),0.9,Yes
TP0314,12.0,-0.5,2.0,12.0,5.0,High Risk (Cluster: At-Risk),0.9,Yes
TP0315,12.0,-0.5,2.0,12.0,5.0,High Risk (Cluster: At-Risk),0.9,Yes
TP0316,12.0,-0.5,2.0,12.0,5.0,High Risk (Cluster: At-Risk),0.9,Yes
TP0317,12.0,-0.5,2.0,12.0,5.0,High Risk (Cluster: At-Risk),0.9,Yes
TP0318,12.0,-0.5,2.0,12.0,5.0,High Risk (Cluster: At-Risk),0.9,Yes
TP0319,12.0,-0.5,2.0,12.0,5.0,High Risk (Cluster: At-Risk),0.9,Yes
TP0320,12.0,-0.5,2.0,12.0,5.0,High Risk (Cluster: At-Risk),0.9,Yes
TP0321,12.0,-0.5,2.0,12.0,5.0,High Risk (Cluster: At-Risk),0.9,Yes
TP0322,12.0,-0.5,2.0,12.0,5.0,High Risk (Cluster: At-Risk),0.9,Yes
TP0323,12.0,-0.5,2.0,12.0,5.0,High Risk (Cluster: At-Risk),0.9,Yes
TP0324,12.0,-0.5,2.0,12.0,5.0,High Risk (Cluster: At-Risk),0.9,Yes
TP0325,12.0,-0.5,2.0,12.0,5.0,High Risk (Cluster: At-Risk),0.9,Yes
TP0326,12.0,-0.5,2.0,12.0,5.0,High Risk (Cluster: At-Risk),0.9,Yes
TP0327,12.0,-0.5,2.0,12.0,5.0,High Risk (Cluster: At-Risk),0.9,Yes
TP0328,12.0,-0.5,2.0,12.0,5.0,High Risk (Cluster: At-Risk),0.9,Yes
TP0329,12.0,-0.5,2.0,12.0,5.0,High Risk (Cluster: At-Risk),0.9,Yes
TP0330,12.0,-0.5,2.0,12.0,5.0,High Risk (Cluster: At-Risk),0.9,Yes
TP0331,12.0,-0.5,2.0,12.0,5.0,High Risk (Cluster: At-Risk),0.9,Yes
TP0332,12.0,-0.5,2.0,12.0,5.0,High Risk (Cluster: At-Risk),0.9,Yes
TP0333,12.0,-0.5,2.0,12.0,5.0,High Risk (Cluster: At-Risk),0.9,Yes
TP0334,12.0,-0.5,2.0,12.0,5.0,High Risk (Cluster: At-Risk),0.9,Yes
TP0335,12.0,-0.5,2.0,12.0,5.0,High Risk (Cluster: At-Risk),0.9,Yes
TP0336,12.0,-0.5,2.0,12.0,5.0,High Risk (Cluster: At-Risk),0.9,Yes
TP0337,12.0,-0.5,2.0,12.0,5.0,High Risk (Cluster: At-Risk),0.9,Yes
TP0338,12.0,-0.5,2.0,12.0,5.0,High Risk (Cluster: At-Risk),0.9,Yes
TP0339,12.0,-0.5,2.0,12.0,5.0,High Risk (Cluster: At-Risk),0.9,Yes
TP0340,12.0,-0.5,2.0,12.0,5.0,High Risk (Cluster: At-Risk),0.9,Yes
TP0341,12.0,-0.5,2.0,12.0,5.0,High Risk (Cluster: At-Risk),0.9,Yes
TP0342,12.0,-0.5,2.0,12.0,5.0,High Risk (Cluster: At-Risk),0.9,Yes
TP0343,12.0,-0.5,2.0,12.0,5.0,High Risk (Cluster: At-Risk),0.9,Yes
TP0344,12.0,-0.5,2.0,12.0,5.0,High Risk (Cluster: At-Risk),0.9,Yes
TP0345,12.0,-0.5,2.0,12.0,5.0,High Risk (Cluster: At-Risk),0.9,Yes
TP0346,12.0,-0.5,2.0,12.0,5.0,High Risk (Cluster: At-Risk),0.9,Yes
TP0347,12.0,-0.5,2.0,12.0,5.0,High Risk (Cluster: At-Risk),0.9,Yes
TP0348,12.0,-0.5,2.0,12.0,5.0,High Risk (Cluster: At-Risk),0.9,Yes
TP0349,12.0,-0.5,2.0,12.0,5.0,High Risk (Cluster: At-Risk),0.9,Yes
TP0350,12.0,-0.5,2.0,12.0,5.0,High Risk (Cluster: At-Risk),0.9,Yes
TP0351,12.0,-0.5,2.0,12.0,5.0,High Risk (Cluster: At-Risk),0.9,Yes
TP0352,12.0,-0.5,2.0,12.0,5.0,High Risk (Cluster: At-Risk),0.9,Yes
TP0353,12.0,-0.5,2.0,12.0,5.0,High Risk (Cluster: At-Risk),0.9,Yes
TP0354,12.0,-0.5,2.0,12.0,5.0,High Risk (Cluster: At-Risk),0.9,Yes
TP0355,12.0,-0.5,2.0,12.0,5.0,High Risk (Cluster: At-Risk),0.9,Yes
TP0356,12.0,-0.5,2.0,12.0,5.0,High Risk (Cluster: At-Risk),0.9,Yes
TP0357,12.0,-0.5,2.0,12.0,5.0,High Risk (Cluster: At-Risk),0.9,Yes
TP0358,12.0,-0.5,2.0,12.0,5.0,High Risk (Cluster: At-Risk),0.9,Yes
TP0359,12.0,-0.5,2.0,12.0,5.0,High Risk (Cluster: At-Risk),0.9,Yes
TP0360,12.0,-0.5,2.0,12.0,5.0,High Risk (Cluster: At-Risk),0.9,Yes
TP0361,12.0,-0.5,2.0,12.0,5.0,High Risk (Cluster: At-Risk),0.9,Yes
TP0362,12.0,-0.5,2.0,12.0,5.0,High Risk (Cluster: At-Risk),0.9,Yes
TP0363,12.0,-0.5,2.0,12.0,5.0,High Risk (Cluster: At-Risk),0.9,Yes
TP0364,12.0,-0.5,2.0,12.0,5.0,High Risk (Cluster: At-Risk),0.9,Yes
TP0365,12.0,-0.5,2.0,12.0,5.0,High Risk (Cluster: At-Risk),0.9,Yes
TP0366,12.0,-0.5,2.0,12.0,5.0,High Risk (Cluster: At-Risk),0.9,Yes
TP0367,12.0,-0.5,2.0,12.0,5.0,High Risk (Cluster: At-Risk),0.9,Yes
TP0368,12.0,-0.5,2.0,12.0,5.0,High Risk (Cluster: At-Risk),0.9,Yes
TP0369,12.0,-0.5,2.0,12.0,5.0,High Risk (Cluster: At-Risk),0.9,Yes
TP0370,12.0,-0.5,2.0,12.0,5.0,High Risk (Cluster: At-Risk),0.9,Yes
TP0371,12.0,-0.5,2.0,12.0,5.0,High Risk (Cluster: At-Risk),0.9,Yes
TP0372,12.0,-0.5,2.0,12.0,5.0,High Risk (Cluster: At-Risk),0.9,Yes
TP0373,12.0,-0.5,2.0,12.0,5.0,High Risk (Cluster: At-Risk),0.9,Yes
TP0374,12.0,-0.5,2.0,12.0,5.0,High Risk (Cluster: At-Risk),0.9,Yes
TP0375,12.0,-0.5,2.0,12.0,5.0,High Risk (Cluster: At-Risk),0.9,Yes
TP0376,12.0,-0.5,2.0,12.0,5.0,High Risk (Cluster: At-Risk),0.9,Yes
TP0377,12.0,-0.5,2.0,12.0,5.0,High Risk (Cluster: At-Risk),0.9,Yes
TP0378,12.0,-0.5,2.0,12.0,5.0,High Risk (Cluster: At-Risk),0.9,Yes
TP0379,12.0,-0.5,2.0,12.0,5.0,High Risk (Cluster: At-Risk),0.9,Yes
TP0380,12.0,-0.5,2.0,12.0,5.0,High Risk (Cluster: At-Risk),0.9,Yes
TP0381,12.0,-0.5,2.0,12.0,5.0,High Risk (Cluster: At-Risk),0.9,Yes
TP0382,12.0,-0.5,2.0,12.0,5.0,High Risk (Cluster: At-Risk),0.9,Yes
TP0383,12.0,-0.5,2.0,12.0,5.0,High Risk (Cluster: At-Risk),0.9,Yes
TP0384,12.0,-0.5,2.0,12.0,5.0,High Risk (Cluster: At-Risk),0.9,Yes
TP0385,12.0,-0.5,2.0,12.0,5.0,High Risk (Cluster: At-Risk),0.9,Yes
TP0386,12.0,-0.5,2.0,12.0,5.0,High Risk (Cluster: At-Risk),0.9,Yes
TP0387,12.0,-0.5,2.0,12.0,5.0,High Risk (Cluster: At-Risk),0.9,Yes
TP0388,12.0,-0.5,2.0,12.0,5.0,High Risk (Cluster: At-Risk),0.9,Yes
TP0389,12.0,-0.5,2.0,12.0,5.0,High Risk (Cluster: At-Risk),0.9,Yes
TP0390,12.0,-0.5,2.0,12.0,5.0,High Risk (Cluster: At-Risk),0.9,Yes
TP0391,12.0,-0.5,2.0,12.0,5.0,High Risk (Cluster: At-Risk),0.9,Yes
TP0392,12.0,-0.5,2.0,12.0,5.0,High Risk (Cluster: At-Risk),0.9,Yes
TP0393,12.0,-0.5,2.0,12.0,5.0,High Risk (Cluster: At-Risk),0.9,Yes
TP0394,12.0,-0.5,2.0,12.0,5.0,High Risk (Cluster: At-Risk),0.9,Yes
TP0395,12.0,-0.5,2.0,12.0,5.0,High Risk (Cluster: At-Risk),0.9,Yes
TP0396,12.0,-0.5,2.0,12.0,5.0,High Risk (Cluster: At-Risk),0.9,Yes
TP0397,12.0,-0.5,2.0,12.0,5.0,High Risk (Cluster: At-Risk),0.9,Yes
TP0398,12.0,-0.5,2.0,12.0,5.0,High Risk (Cluster: At-Risk),0.9,Yes
TP0399,12.0,-0.5,2.0,12.0,5.0,High Risk (Cluster: At-Risk),0.9,Yes
TP0400,12.0,-0.5,2.0,12.0,5.0,High Risk (Cluster: At-Risk),0.9,Yes
TP0401,12.0,-0.5,2.0,12.0,5.0,High Risk (Cluster: At-Risk),0.9,Yes
TP0402,12.0,-0.5,2.0,12.0,5.0,High Risk (Cluster: At-Risk),0.9,Yes
TP0403,12.0,-0.5,2.0,12.0,5.0,High Risk (Cluster: At-Risk),0.9,Yes
TP0404,12.0,-0.5,2.0,12.0,5.0,High Risk (Cluster: At-Risk),0.9,Yes
TP0405,12.0,-0.5,2.0,12.0,5.0,High Risk (Cluster: At-Risk),0.9,Yes
TP0406,12.0,-0.5,2.0,12.0,5.0,High Risk (Cluster: At-Risk),0.9,Yes
TP0407,12.0,-0.5,2.0,12.0,5.0,High Risk (Cluster: At-Risk),0.9,Yes
TP0408,12.0,-0.5,2.0,12.0,5.0,High Risk (Cluster: At-Risk),0.9,Yes
TP0409,12.0,-0.5,2.0,12.0,5.0,High Risk (Cluster: At-Risk),0.9,Yes
TP0410,12.0,-0.5,2.0,12.0,5.0,High Risk (Cluster: At-Risk),0.9,Yes
TP0411,12.0,-0.5,2.0,12.0,5.0,High Risk (Cluster: At-Risk),0.9,Yes
TP0412,12.0,-0.5,2.0,12.0,5.0,High Risk (Cluster: At-Risk),0.9,Yes
TP0413,12.0,-0.5,2.0,12.0,5.0,High Risk (Cluster: At-Risk),0.9,Yes
TP0414,12.0,-0.5,2.0,12.0,5.0,High Risk (Cluster: At-Risk),0.9,Yes
TP0415,12.0,-0.5,2.0,12.0,5.0,High Risk (Cluster: At-Risk),0.9,Yes
TP0416,12.0,-0.5,2.0,12.0,5.0,High Risk (Cluster: At-Risk),0.9,Yes
TP0417,12.0,-0.5,2.0,12.0,5.0,High Risk (Cluster: At-Risk),0.9,Yes
TP0418,12.0,-0.5,2.0,12.0,5.0,High Risk (Cluster: At-Risk),0.9,Yes
TP0419,12.0,-0.5,2.0,12.0,5.0,High Risk (Cluster: At-Risk),0.9,Yes
TP0420,12.0,-0.5,2.0,12.0,5.0,High Risk (Cluster: At-Risk),0.9,Yes
TP0421,12.0,-0.5,2.0,12.0,5.0,High Risk (Cluster: At-Risk),0.9,Yes
TP0422,12.0,-0.5,2.0,12.0,5.0,High Risk (Cluster: At-Risk),0.9,Yes
TP0423,12.0,-0.5,2.0,12.0,5.0,High Risk (Cluster: At-Risk),0.9,Yes
TP0424,12.0,-0.5,2.0,12.0,5.0,High Risk (Cluster: At-Risk),0.9,Yes
TP0425,12.0,-0.5,2.0,12.0,5.0,High Risk (Cluster: At-Risk),0.9,Yes
TP0426,12.0,-0.5,2.0,12.0,5.0,High Risk (Cluster: At-Risk),0.9,Yes
TP0427,12.0,-0.5,2.0,12.0,5.0,High Risk (Cluster: At-Risk),0.9,Yes
TP0428,12.0,-0.5,2.0,12.0,5.0,High Risk (Cluster: At-Risk),0.9,Yes
TP0429,12.0,-0.5,2.0,12.0,5.0,High Risk (Cluster: At-Risk),0.9,Yes
TP0430,12.0,-0.5,2.0,12.0,5.0,High Risk (Cluster: At-Risk),0.9,Yes
TP0431,12.0,-0.5,2.0,12.0,5.0,High Risk (Cluster: At-Risk),0.9,Yes
TP0432,12.0,-0.5,2.0,12.0,5.0,High Risk (Cluster: At-Risk),0.9,Yes
TP0433,12.0,-0.5,2.0,12.0,5.0,High Risk (Cluster: At-Risk),0.9,Yes
TP0434,12.0,-0.5,2.0,12.0,5.0,High Risk (Cluster: At-Risk),0.9,Yes
TP0435,12.0,-0.5,2.0,12.0,5.0,High Risk (Cluster: At-Risk),0.9,Yes
TP0436,12.0,-0.5,2.0,12.0,5.0,High Risk (Cluster: At-Risk),0.9,Yes
TP0437,12.0,-0.5,2.0,12.0,5.0,High Risk (Cluster: At-Risk),0.9,Yes
TP0438,12.0,-0.5,2.0,12.0,5.0,High Risk (Cluster: At-Risk),0.9,Yes
TP0439,12.0,-0.5,2.0,12.0,5.0,High Risk (Cluster: At-Risk),0.9,Yes
TP0440,12.0,-0.5,2.0,12.0,5.0,High Risk (Cluster: At-Risk),0.9,Yes
TP0441,12.0,-0.5,2.0,12.0,5.0,High Risk (Cluster: At-Risk),0.9,Yes
TP0442,12.0,-0.5,2.0,12.0,5.0,High Risk (Cluster: At-Risk),0.9,Yes
TP0443,12.0,-0.5,2.0,12.0,5.0,High Risk (Cluster: At-Risk),0.9,Yes
TP0444,12.0,-0.5,2.0,12.0,5.0,High Risk (Cluster: At-Risk),0.9,Yes
TP0445,12.0,-0.5,2.0,12.0,5.0,High Risk (Cluster: At-Risk),0.9,Yes
TP0446,12.0,-0.5,2.0,12.0,5.0,High Risk (Cluster: At-Risk),0.9,Yes
TP0447,12.0,-0.5,2.0,12.0,5.0,High Risk (Cluster: At-Risk),0.9,Yes
TP0448,12.0,-0.5,2.0,12.0,5.0,High Risk (Cluster: At-Risk),0.9,Yes
TP0449,12.0,-0.5,2.0,12.0,5.0,High Risk (Cluster: At-Risk),0.9,Yes
TP0450,12.0,-0.5,2.0,12.0,5.0,High Risk (Cluster: At-Risk),0.9,Yes
TP0451,12.0,-0.5,2.0,12.0,5.0,High Risk (Cluster: At-Risk),0.9,Yes
TP0452,12.0,-0.5,2.0,12.0,5.0,High Risk (Cluster: At-Risk),0.9,Yes
TP0453,12.0,-0.5,2.0,12.0,5.0,High Risk (Cluster: At-Risk),0.9,Yes
TP0454,12.0,-0.5,2.0,12.0,5.0,High Risk (Cluster: At-Risk),0.9,Yes
TP0455,12.0,-0.5,2.0,12.0,5.0,High Risk (Cluster: At-Risk),0.9,Yes
TP0456,12.0,-0.5,2.0,12.0,5.0,High Risk (Cluster: At-Risk),0.9,Yes
TP0457,12.0,-0.5,2.0,12.0,5.0,High Risk (Cluster: At-Risk),0.9,Yes
TP0458,12.0,-0.5,2.0,12.0,5.0,High Risk (Cluster: At-Risk),0.9,Yes
TP0459,12.0,-0.5,2.0,12.0,5.0,High Risk (Cluster: At-Risk),0.9,Yes
TP0460,12.0,-0.5,2.0,12.0,5.0,High Risk (Cluster: At-Risk),0.9,Yes
TP0461,12.0,-0.5,2.0,12.0,5.0,High Risk (Cluster: At-Risk),0.9,Yes
TP0462,12.0,-0.5,2.0,12.0,5.0,High Risk (Cluster: At-Risk),0.9,Yes
TP0463,12.0,-0.5,2.0,12.0,5.0,High Risk (Cluster: At-Risk),0.9,Yes
TP0464,12.0,-0.5,2.0,12.0,5.0,High Risk (Cluster: At-Risk),0.9,Yes
TP0465,12.0,-0.5,2.0,12.0,5.0,High Risk (Cluster: At-Risk),0.9,Yes
TP0466,12.0,-0.5,2.0,12.0,5.0,High Risk (Cluster: At-Risk),0.9,Yes
TP0467,12.0,-0.5,2.0,12.0,5.0,High Risk (Cluster: At-Risk),0.9,Yes
TP0468,12.0,-0.5,2.0,12.0,5.0,High Risk (Cluster: At-Risk),0.9,Yes
TP0469,12.0,-0.5,2.0,12.0,5.0,High Risk (Cluster: At-Risk),0.9,Yes
TP0470,12.0,-0.5,2.0,12.0,5.0,High Risk (Cluster: At-Risk),0.9,Yes
TP0471,12.0,-0.5,2.0,12.0,5.0,High Risk (Cluster: At-Risk),0.9,Yes
TP0472,12.0,-0.5,2.0,12.0,5.0,High Risk (Cluster: At-Risk),0.9,Yes
TP0473,12.0,-0.5,2.0,12.0,5.0,High Risk (Cluster: At-Risk),0.9,Yes
TP0474,12.0,-0.5,2.0,12.0,5.0,High Risk (Cluster: At-Risk),0.9,Yes
TP0475,12.0,-0.5,2.0,12.0,5.0,High Risk (Cluster: At-Risk),0.9,Yes
TP0476,12.0,-0.5,2.0,12.0,5.0,High Risk (Cluster: At-Risk),0.9,Yes
TP0477,12.0,-0.5,2.0,12.0,5.0,High Risk (Cluster: At-Risk),0.9,Yes
TP0478,12.0,-0.5,2.0,12.0,5.0,High Risk (Cluster: At-Risk),0.9,Yes
TP0479,12.0,-0.5,2.0,12.0,5.0,High Risk (Cluster: At-Risk),0.9,Yes
TP0480,12.0,-0.5,2.0,12.0,5.0,High Risk (Cluster: At-Risk),0.9,Yes
TP0481,12.0,-0.5,2.0,12.0,5.0,High Risk (Cluster: At-Risk),0.9,Yes
TP0482,12.0,-0.5,2.0,12.0,5.0,High Risk (Cluster: At-Risk),0.9,Yes
TP0483,12.0,-0.5,2.0,12.0,5.0,High Risk (Cluster: At-Risk),0.9,Yes
TP0484,12.0,-0.5,2.0,12.0,5.0,High Risk (Cluster: At-Risk),0.9,Yes
TP0485,12.0,-0.5,2.0,12.0,5.0,High Risk (Cluster: At-Risk),0.9,Yes
TP0486,12.0,-0.5,2.0,12.0,5.0,High Risk (Cluster: At-Risk),0.9,Yes
TP0487,12.0,-0.5,2.0,12.0,5.0,High Risk (Cluster: At-Risk),0.9,Yes
TP0488,12.0,-0.5,2.0,12.0,5.0,High Risk (Cluster: At-Risk),0.9,Yes
TP0489,12.0,-0.5,2.0,12.0,5.0,High Risk (Cluster: At-Risk),0.9,Yes
TP0490,12.0,-0.5,2.0,12.0,5.0,High Risk (Cluster: At-Risk),0.9,Yes
TP0491,12.0,-0.5,2.0,12.0,5.0,High Risk (Cluster: At-Risk),0.9,Yes
TP0492,12.0,-0.5,2.0,12.0,5.0,High Risk (Cluster: At-Risk),0.9,Yes
TP0493,12.0,-0.5,2.0,12.0,5.0,High Risk (Cluster: At-Risk),0.9,Yes
TP0494,12.0,-0.5,2.0,12.0,5.0,High Risk (Cluster: At-Risk),0.9,Yes
TP0495,12.0,-0.5,2.0,12.0,5.0,High Risk (Cluster: At-Risk),0.9,Yes
TP0496,12.0,-0.5,2.0,12.0,5.0,High Risk (Cluster: At-Risk),0.9,Yes
TP0497,12.0,-0.5,2.0,12.0,5.0,High Risk (Cluster: At-Risk),0.9,Yes
TP0498,12.0,-0.5,2.0,12.0,5.0,High Risk (Cluster: At-Risk),0.9,Yes
TP0499,12.0,-0.5,2.0,12.0,5.0,High Risk (Cluster: At-Risk),0.9,Yes
TP0500,12.0,-0.5,2.0,12.0,5.0,High Risk (Cluster: At-Risk),0.9,Yes
TP0501,12.0,-0.5,2.0,12.0,5.0,High Risk (Cluster: At-Risk),0.9,Yes
TP0502,12.0,-0.5,2.0,12.0,5.0,High Risk (Cluster: At-Risk),0.9,Yes
TP0503,12.0,-0.5,2.0,12.0,5.0,High Risk (Cluster: At-Risk),0.9,Yes
TP0504,12.0,-0.5,2.0,12.0,5.0,High Risk (Cluster: At-Risk),0.9,Yes
TP0505,12.0,-0.5,2.0,12.0,5.0,High Risk (Cluster: At-Risk),0.9,Yes
TP0506,12.0,-0.5,2.0,12.0,5.0,High Risk (Cluster: At-Risk),0.9,Yes
TP0507,12.0,-0.5,2.0,12.0,5.0,High Risk (Cluster: At-Risk),0.9,Yes
TP0508,12.0,-0.5,2.0,12.0,5.0,High Risk (Cluster: At-Risk),0.9,Yes
TP0509,12.0,-0.5,2.0,12.0,5.0,High Risk (Cluster: At-Risk),0.9,Yes
TP0510,12.0,-0.5,2.0,12.0,5.0,High Risk (Cluster: At-Risk),0.9,Yes
TP0511,12.0,-0.5,2.0,12.0,5.0,High Risk (Cluster: At-Risk),0.9,Yes
TP0512,12.0,-0.5,2.0,12.0,5.0,High Risk (Cluster: At-Risk),0.9,Yes
TP0513,12.0,-0.5,2.0,12.0,5.0,High Risk (Cluster: At-Risk),0.9,Yes
TP0514,12.0,-0.5,2.0,12.0,5.0,High Risk (Cluster: At-Risk),0.9,Yes
TP0515,12.0,-0.5,2.0,12.0,5.0,High Risk (Cluster: At-Risk),0.9,Yes
TP0516,12.0,-0.5,2.0,12.0,5.0,High Risk (Cluster: At-Risk),0.9,Yes
TP0517,12.0,-0.5,2.0,12.0,5.0,High Risk (Cluster: At-Risk),0.9,Yes
TP0518,12.0,-0.5,2.0,12.0,5.0,High Risk (Cluster: At-Risk),0.9,Yes
TP0519,12.0,-0.5,2.0,12.0,5.0,High Risk (Cluster: At-Risk),0.9,Yes
TP0520,12.0,-0.5,2.0,12.0,5.0,High Risk (Cluster: At-Risk),0.9,Yes
TP0521,12.0,-0.5,2.0,12.0,5.0,High Risk (Cluster: At-Risk),0.9,Yes
TP0522,12.0,-0.5,2.0,12.0,5.0,High Risk (Cluster: At-Risk),0.9,Yes
TP0523,12.0,-0.5,2.0,12.0,5.0,High Risk (Cluster: At-Risk),0.9,Yes
TP0524,12.0,-0.5,2.0,12.0,5.0,High Risk (Cluster: At-Risk),0.9,Yes
TP0525,12.0,-0.5,2.0,12.0,5.0,High Risk (Cluster: At-Risk),0.9,Yes
TP0526,12.0,-0.5,2.0,12.0,5.0,High Risk (Cluster: At-Risk),0.9,Yes
TP0527,12.0,-0.5,2.0,12.0,5.0,High Risk (Cluster: At-Risk),0.9,Yes
TP0528,12.0,-0.5,2.0,12.0,5.0,High Risk (Cluster: At-Risk),0.9,Yes
TP0529,12.0,-0.5,2.0,12.0,5.0,High Risk (Cluster: At-Risk),0.9,Yes
TP0530,12.0,-0.5,2.0,12.0,5.0,High Risk (Cluster: At-Risk),0.9,Yes
TP0531,12.0,-0.5,2.0,12.0,5.0,High Risk (Cluster: At-Risk),0.9,Yes
TP0532,12.0,-0.5,2.0,12.0,5.0,High Risk (Cluster: At-Risk),0.9,Yes
TP0533,12.0,-0.5,2.0,12.0,5.0,High Risk (Cluster: At-Risk),0.9,Yes
TP0534,12.0,-0.5,2.0,12.0,5.0,High Risk (Cluster: At-Risk),0.9,Yes
TP0535,12.0,-0.5,2.0,12.0,5.0,High Risk (Cluster: At-Risk),0.9,Yes
TP0536,12.0,-0.5,2.0,12.0,5.0,High Risk (Cluster: At-Risk),0.9,Yes
TP0537,12.0,-0.5,2.0,12.0,5.0,High Risk (Cluster: At-Risk),0.9,Yes
TP0538,12.0,-0.5,2.0,12.0,5.0,High Risk (Cluster: At-Risk),0.9,Yes
TP0539,12.0,-0.5,2.0,12.0,5.0,High Risk (Cluster: At-Risk),0.9,Yes
TP0540,12.0,-0.5,2.0,12.0,5.0,High Risk (Cluster: At-Risk),0.9,Yes
TP0541,12.0,-0.5,2.0,12.0,5.0,High Risk (Cluster: At-Risk),0.9,Yes
TP0542,12.0,-0.5,2.0,12.0,5.0,High Risk (Cluster: At-Risk),0.9,Yes
TP0543,12.0,-0.5,2.0,12.0,5.0,High Risk (Cluster: At-Risk),0.9,Yes
TP0544,12.0,-0.5,2.0,12.0,5.0,High Risk (Cluster: At-Risk),0.9,Yes
TP0545,12.0,-0.5,2.0,12.0,5.0,High Risk (Cluster: At-Risk),0.9,Yes
TP0546,12.0,-0.5,2.0,12.0,5.0,High Risk (Cluster: At-Risk),0.9,Yes
TP0547,12.0,-0.5,2.0,12.0,5.0,High Risk (Cluster: At-Risk),0.9,Yes
TP0548,12.0,-0.5,2.0,12.0,5.0,High Risk (Cluster: At-Risk),0.9,Yes
TP0549,12.0,-0.5,2.0,12.0,5.0,High Risk (Cluster: At-Risk),0.9,Yes
TP0550,12.0,-0.5,2.0,12.0,5.0,High Risk (Cluster: At-Risk),0.9,Yes
TP0551,12.0,-0.5,2.0,12.0,5.0,High Risk (Cluster: At-Risk),0.9,Yes
TP0552,12.0,-0.5,2.0,12.0,5.0,High Risk (Cluster: At-Risk),0.9,Yes
TP0553,12.0,-0.5,2.0,12.0,5.0,High Risk (Cluster: At-Risk),0.9,Yes
TP0554,12.0,-0.5,2.0,12.0,5.0,High Risk (Cluster: At-Risk),0.9,Yes
TP0555,12.0,-0.5,2.0,12.0,5.0,High Risk (Cluster: At-Risk),0.9,Yes
TP0556,12.0,-0.5,2.0,12.0,5.0,High Risk (Cluster: At-Risk),0.9,Yes
TP0557,12.0,-0.5,2.0,12.0,5.0,High Risk (Cluster: At-Risk),0.9,Yes
TP0558,12.0,-0.5,2.0,12.0,5.0,High Risk (Cluster: At-Risk),0.9,Yes
TP0559,12.0,-0.5,2.0,12.0,5.0,High Risk (Cluster: At-Risk),0.9,Yes
TP0560,12.0,-0.5,2.0,12.0,5.0,High Risk (Cluster: At-Risk),0.9,Yes
TP0561,12.0,-0.5,2.0,12.0,5.0,High Risk (Cluster: At-Risk),0.9,Yes
TP0562,12.0,-0.5,2.0,12.0,5.0,High Risk (Cluster: At-Risk),0.9,Yes
TP0563,12.0,-0.5,2.0,12.0,5.0,High Risk (Cluster: At-Risk),0.9,Yes
TP0564,12.0,-0.5,2.0,12.0,5.0,High Risk (Cluster: At-Risk),0.9,Yes
TP0565,12.0,-0.5,2.0,12.0,5.0,High Risk (Cluster: At-Risk),0.9,Yes
TP0566,12.0,-0.5,2.0,12.0,5.0,High Risk (Cluster: At-Risk),0.9,Yes
TP0567,12.0,-0.5,2.0,12.0,5.0,High Risk (Cluster: At-Risk),0.9,Yes
TP0568,12.0,-0.5,2.0,12.0,5.0,High Risk (Cluster: At-Risk),0.9,Yes
TP0569,12.0,-0.5,2.0,12.0,5.0,High Risk (Cluster: At-Risk),0.9,Yes
TP0570,12.0,-0.5,2.0,12.0,5.0,High Risk (Cluster: At-Risk),0.9,Yes
TP0571,12.0,-0.5,2.0,12.0,5.0,High Risk (Cluster: At-Risk),0.9,Yes
TP0572,12.0,-0.5,2.0,12.0,5.0,High Risk (Cluster: At-Risk),0.9,Yes
TP0573,12.0,-0.5,2.0,12.0,5.0,High Risk (Cluster: At-Risk),0.9,Yes
TP0574,12.0,-0.5,2.0,12.0,5.0,High Risk (Cluster: At-Risk),0.9,Yes
TP0575,12.0,-0.5,2.0,12.0,5.0,High Risk (Cluster: At-Risk),0.9,Yes
TP0576,12.0,-0.5,2.0,12.0,5.0,High Risk (Cluster: At-Risk),0.9,Yes
TP0577,12.0,-0.5,2.0,12.0,5.0,High Risk (Cluster: At-Risk),0.9,Yes
TP0578,12.0,-0.5,2.0,12.0,5.0,High Risk (Cluster: At-Risk),0.9,Yes
TP0579,12.0,-0.5,2.0,12.0,5.0,High Risk (Cluster: At-Risk),0.9,Yes
TP0580,12.0,-0.5,2.0,12.0,5.0,High Risk (Cluster: At-Risk),0.9,Yes
TP0581,12.0,-0.5,2.0,12.0,5.0,High Risk (Cluster: At-Risk),0.9,Yes
TP0582,12.0,-0.5,2.0,12.0,5.0,High Risk (Cluster: At-Risk),0.9,Yes
TP0583,12.0,-0.5,2.0,12.0,5.0,High Risk (Cluster: At-Risk),0.9,Yes
TP0584,12.0,-0.5,2.0,12.0,5.0,High Risk (Cluster: At-Risk),0.9,Yes
TP0585,12.0,-0.5,2.0,12.0,5.0,High Risk (Cluster: At-Risk),0.9,Yes
TP0586,12.0,-0.5,2.0,12.0,5.0,High Risk (Cluster: At-Risk),0.9,Yes
TP0587,12.0,-0.5,2.0,12.0,5.0,High Risk (Cluster: At-Risk),0.9,Yes
TP0588,12.0,-0.5,2.0,12.0,5.0,High Risk (Cluster: At-Risk),0.9,Yes
TP0589,12.0,-0.5,2.0,12.0,5.0,High Risk (Cluster: At-Risk),0.9,Yes
TP0590,12.0,-0.5,2.0,12.0,5.0,High Risk (Cluster: At-Risk),0.9,Yes
TP0591,12.0,-0.5,2.0,12.0,5.0,High Risk (Cluster: At-Risk),0.9,Yes
TP0592,12.0,-0.5,2.0,12.0,5.0,High Risk (Cluster: At-Risk),0.9,Yes
TP0593,12.0,-0.5,2.0,12.0,5.0,High Risk (Cluster: At-Risk),0.9,Yes
TP0594,12.0,-0.5,2.0,12.0,5.0,High Risk (Cluster: At-Risk),0.9,Yes
TP0595,12.0,-0.5,2.0,12.0,5.0,High Risk (Cluster: At-Risk),0.9,Yes
TP0596,12.0,-0.5,2.0,12.0,5.0,High Risk (Cluster: At-Risk),0.9,Yes
TP0597,12.0,-0.5,2.0,12.0,5.0,High Risk (Cluster: At-Risk),0.9,Yes
TP0598,12.0,-0.5,2.0,12.0,5.0,High Risk (Cluster: At-Risk),0.9,Yes
TP0599,12.0,-0.5,2.0,12.0,5.0,High Risk (Cluster: At-Risk),0.9,Yes
TP0600,12.0,-0.5,2.0,12.0,5.0,High Risk (Cluster: At-Risk),0.9,Yes
TP0601,12.0,-0.5,2.0,12.0,5.0,High Risk (Cluster: At-Risk),0.9,Yes
TP0602,12.0,-0.5,2.0,12.0,5.0,High Risk (Cluster: At-Risk),0.9,Yes
TP0603,12.0,-0.5,2.0,12.0,5.0,High Risk (Cluster: At-Risk),0.9,Yes
TP0604,12.0,-0.5,2.0,12.0,5.0,High Risk (Cluster: At-Risk),0.9,Yes
TP0605,12.0,-0.5,2.0,12.0,5.0,High Risk (Cluster: At-Risk),0.9,Yes
TP0606,12.0,-0.5,2.0,12.0,5.0,High Risk (Cluster: At-Risk),0.9,Yes
TP0607,12.0,-0.5,2.0,12.0,5.0,High Risk (Cluster: At-Risk),0.9,Yes
TP0608,12.0,-0.5,2.0,12.0,5.0,High Risk (Cluster: At-Risk),0.9,Yes
TP0609,12.0,-0.5,2.0,12.0,5.0,High Risk (Cluster: At-Risk),0.9,Yes
TP0610,12.0,-0.5,2.0,12.0,5.0,High Risk (Cluster: At-Risk),0.9,Yes
TP0611,12.0,-0.5,2.0,12.0,5.0,High Risk (Cluster: At-Risk),0.9,Yes
TP0612,12.0,-0.5,2.0,12.0,5.0,High Risk (Cluster: At-Risk),0.9,Yes
TP0613,12.0,-0.5,2.0,12.0,5.0,High Risk (Cluster: At-Risk),0.9,Yes
TP0614,12.0,-0.5,2.0,12.0,5.0,High Risk (Cluster: At-Risk),0.9,Yes
TP0615,12.0,-0.5,2.0,12.0,5.0,High Risk (Cluster: At-Risk),0.9,Yes
TP0616,12.0,-0.5,2.0,12.0,5.0,High Risk (Cluster: At-Risk),0.9,Yes
TP0617,12.0,-0.5,2.0,12.0,5.0,High Risk (Cluster: At-Risk),0.9,Yes
TP0618,12.0,-0.5,2.0,12.0,5.0,High Risk (Cluster: At-Risk),0.9,Yes
TP0619,12.0,-0.5,2.0,12.0,5.0,High Risk (Cluster: At-Risk),0.9,Yes
TP0620,12.0,-0.5,2.0,12.0,5.0,High Risk (Cluster: At-Risk),0.9,Yes
TP0621,12.0,-0.5,2.0,12.0,5.0,High Risk (Cluster: At-Risk),0.9,Yes
TP0622,12.0,-0.5,2.0,12.0,5.0,High Risk (Cluster: At-Risk),0.9,Yes
TP0623,12.0,-0.5,2.0,12.0,5.0,High Risk (Cluster: At-Risk),0.9,Yes
TP0624,12.0,-0.5,2.0,12.0,5.0,High Risk (Cluster: At-Risk),0.9,Yes
TP0625,12.0,-0.5,2.0,12.0,5.0,High Risk (Cluster: At-Risk),0.9,Yes
TP0626,12.0,-0.5,2.0,12.0,5.0,High Risk (Cluster: At-Risk),0.9,Yes
TP0627,12.0,-0.5,2.0,12.0,5.0,High Risk (Cluster: At-Risk),0.9,Yes
TP0628,12.0,-0.5,2.0,12.0,5.0,High Risk (Cluster: At-Risk),0.9,Yes
TP0629,12.0,-0.5,2.0,12.0,5.0,High Risk (Cluster: At-Risk),0.9,Yes
TP0630,12.0,-0.5,2.0,12.0,5.0,High Risk (Cluster: At-Risk),0.9,Yes
TP0631,12.0,-0.5,2.0,12.0,5.0,High Risk (Cluster: At-Risk),0.9,Yes
TP0632,12.0,-0.5,2.0,12.0,5.0,High Risk (Cluster: At-Risk),0.9,Yes
TP0633,12.0,-0.5,2.0,12.0,5.0,High Risk (Cluster: At-Risk),0.9,Yes
TP0634,12.0,-0.5,2.0,12.0,5.0,High Risk (Cluster: At-Risk),0.9,Yes
TP0635,12.0,-0.5,2.0,12.0,5.0,High Risk (Cluster: At-Risk),0.9,Yes
TP0636,12.0,-0.5,2.0,12.0,5.0,High Risk (Cluster: At-Risk),0.9,Yes
TP0637,12.0,-0.5,2.0,12.0,5.0,High Risk (Cluster: At-Risk),0.9,Yes
TP0638,12.0,-0.5,2.0,12.0,5.0,High Risk (Cluster: At-Risk),0.9,Yes
TP0639,12.0,-0.5,2.0,12.0,5.0,High Risk (Cluster: At-Risk),0.9,Yes
TP0640,12.0,-0.5,2.0,12.0,5.0,High Risk (Cluster: At-Risk),0.9,Yes
TP0641,12.0,-0.5,2.0,12.0,5.0,High Risk (Cluster: At-Risk),0.9,Yes
TP0642,12.0,-0.5,2.0,12.0,5.0,High Risk (Cluster: At-Risk),0.9,Yes
TP0643,12.0,-0.5,2.0,12.0,5.0,High Risk (Cluster: At-Risk),0.9,Yes
TP0644,12.0,-0.5,2.0,12.0,5.0,High Risk (Cluster: At-Risk),0.9,Yes
TP0645,12.0,-0.5,2.0,12.0,5.0,High Risk (Cluster: At-Risk),0.9,Yes
TP0646,12.0,-0.5,2.0,12.0,5.0,High Risk (Cluster: At-Risk),0.9,Yes
TP0647,12.0,-0.5,2.0,12.0,5.0,High Risk (Cluster: At-Risk),0.9,Yes
TP0648,12.0,-0.5,2.0,12.0,5.0,High Risk (Cluster: At-Risk),0.9,Yes
TP0649,12.0,-0.5,2.0,12.0,5.0,High Risk (Cluster: At-Risk),0.9,Yes
TP0650,12.0,-0.5,2.0,12.0,5.0,High Risk (Cluster: At-Risk),0.9,Yes
TP0651,12.0,-0.5,2.0,12.0,5.0,High Risk (Cluster: At-Risk),0.9,Yes
TP0652,12.0,-0.5,2.0,12.0,5.0,High Risk (Cluster: At-Risk),0.9,Yes
TP0653,12.0,-0.5,2.0,12.0,5.0,High Risk (Cluster: At-Risk),0.9,Yes
TP0654,12.0,-0.5,2.0,12.0,5.0,High Risk (Cluster: At-Risk),0.9,Yes
TP0655,12.0,-0.5,2.0,12.0,5.0,High Risk (Cluster: At-Risk),0.9,Yes
TP0656,12.0,-0.5,2.0,12.0,5.0,High Risk (Cluster: At-Risk),0.9,Yes
TP0657,12.0,-0.5,2.0,12.0,5.0,High Risk (Cluster: At-Risk),0.9,Yes
TP0658,12.0,-0.5,2.0,12.0,5.0,High Risk (Cluster: At-Risk),0.9,Yes
TP0659,12.0,-0.5,2.0,12.0,5.0,High Risk (Cluster: At-Risk),0.9,Yes
TP0660,12.0,-0.5,2.0,12.0,5.0,High Risk (Cluster: At-Risk),0.9,Yes
TP0661,12.0,-0.5,2.0,12.0,5.0,High Risk (Cluster: At-Risk),0.9,Yes
TP0662,12.0,-0.5,2.0,12.0,5.0,High Risk (Cluster: At-Risk),0.9,Yes
TP0663,12.0,-0.5,2.0,12.0,5.0,High Risk (Cluster: At-Risk),0.9,Yes
TP0664,12.0,-0.5,2.0,12.0,5.0,High Risk (Cluster: At-Risk),0.9,Yes
TP0665,12.0,-0.5,2.0,12.0,5.0,High Risk (Cluster: At-Risk),0.9,Yes
TP0666,12.0,-0.5,2.0,12.0,5.0,High Risk (Cluster: At-Risk),0.9,Yes
TP0667,12.0,-0.5,2.0,12.0,5.0,High Risk (Cluster: At-Risk),0.9,Yes
TP0668,12.0,-0.5,2.0,12.0,5.0,High Risk (Cluster: At-Risk),0.9,Yes
TP0669,12.0,-0.5,2.0,12.0,5.0,High Risk (Cluster: At-Risk),0.9,Yes
TP0670,12.0,-0.5,2.0,12.0,5.0,High Risk (Cluster: At-Risk),0.9,Yes
TP0671,12.0,-0.5,2.0,12.0,5.0,High Risk (Cluster: At-Risk),0.9,Yes
TP0672,12.0,-0.5,2.0,12.0,5.0,High Risk (Cluster: At-Risk),0.9,Yes
TP0673,12.0,-0.5,2.0,12.0,5.0,High Risk (Cluster: At-Risk),0.9,Yes
TP0674,12.0,-0.5,2.0,12.0,5.0,High Risk (Cluster: At-Risk),0.9,Yes
TP0675,12.0,-0.5,2.0,12.0,5.0,High Risk (Cluster: At-Risk),0.9,Yes
TP0676,12.0,-0.5,2.0,12.0,5.0,High Risk (Cluster: At-Risk),0.9,Yes
TP0677,12.0,-0.5,2.0,12.0,5.0,High Risk (Cluster: At-Risk),0.9,Yes
TP0678,12.0,-0.5,2.0,12.0,5.0,High Risk (Cluster: At-Risk),0.9,Yes
FP0000,12.0,-0.5,2.0,12.0,5.0,High Risk (Cluster: At-Risk),0.9,No
FP0001,12.0,-0.5,2.0,12.0,5.0,High Risk (Cluster: At-Risk),0.9,No
FP0002,12.0,-0.5,2.0,12.0,5.0,High Risk (Cluster: At-Risk),0.9,No
FP0003,12.0,-0.5,2.0,12.0,5.0,High Risk (Cluster: At-Risk),0.9,No
FP0004,12.0,-0.5,2.0,12.0,5.0,High Risk (Cluster: At-Risk),0.9,No
FP0005,12.0,-0.5,2.0,12.0,5.0,High Risk (Cluster: At-Risk),0.9,No
FP0006,12.0,-0.5,2.0,12.0,5.0,High Risk (Cluster: At-Risk),0.9,No
FP0007,12.0,-0.5,2.0,12.0,5.0,High Risk (Cluster: At-Risk),0.9,No
FP0008,12.0,-0.5,2.0,12.0,5.0,High Risk (Cluster: At-Risk),0.9,No
FP0009,12.0,-0.5,2.0,12.0,5.0,High Risk (Cluster: At-Risk),0.9,No
FP0010,12.0,-0.5,2.0,12.0,5.0,High Risk (Cluster: At-Risk),0.9,No
FP0011,12.0,-0.5,2.0,12.0,5.0,High Risk (Cluster: At-Risk),0.9,No
FP0012,12.0,-0.5,2.0,12.0,5.0,High Risk (Cluster: At-Risk),0.9,No
FP0013,12.0,-0.5,2.0,12.0,5.0,High Risk (Cluster: At-Risk),0.9,No
FP0014,12.0,-0.5,2.0,12.0,5.0,High Risk (Cluster: At-Risk),0.9,No
FP0015,12.0,-0.5,2.0,12.0,5.0,High Risk (Cluster: At-Risk),0.9,No
FP0016,12.0,-0.5,2.0,12.0,5.0,High Risk (Cluster: At-Risk),0.9,No
FP0017,12.0,-0.5,2.0,12.0,5.0,High Risk (Cluster: At-Risk),0.9,No
FP0018,12.0,-0.5,2.0,12.0,5.0,High Risk (Cluster: At-Risk),0.9,No
FP0019,12.0,-0.5,2.0,12.0,5.0,High Risk (Cluster: At-Risk),0.9,No
FP0020,12.0,-0.5,2.0,12.0,5.0,High Risk (Cluster: At-Risk),0.9,No
FP0021,12.0,-0.5,2.0,12.0,5.0,High Risk (Cluster: At-Risk),0.9,No
FP0022,12.0,-0.5,2.0,12.0,5.0,High Risk (Cluster: At-Risk),0.9,No
FP0023,12.0,-0.5,2.0,12.0,5.0,High Risk (Cluster: At-Risk),0.9,No
FP0024,12.0,-0.5,2.0,12.0,5.0,High Risk (Cluster: At-Risk),0.9,No
FP0025,12.0,-0.5,2.0,12.0,5.0,High Risk (Cluster: At-Risk),0.9,No
FP0026,12.0,-0.5,2.0,12.0,5.0,High Risk (Cluster: At-Risk),0.9,No
FP0027,12.0,-0.5,2.0,12.0,5.0,High Risk (Cluster: At-Risk),0.9,No
FP0028,12.0,-0.5,2.0,12.0,5.0,High Risk (Cluster: At-Risk),0.9,No
FP0029,12.0,-0.5,2.0,12.0,5.0,High Risk (Cluster: At-Risk),0.9,No
FP0030,12.0,-0.5,2.0,12.0,5.0,High Risk (Cluster: At-Risk),0.9,No
FP0031,12.0,-0.5,2.0,12.0,5.0,High Risk (Cluster: At-Risk),0.9,No
FP0032,12.0,-0.5,2.0,12.0,5.0,High Risk (Cluster: At-Risk),0.9,No
FP0033,12.0,-0.5,2.0,12.0,5.0,High Risk (Cluster: At-Risk),0.9,No
FP0034,12.0,-0.5,2.0,12.0,5.0,High Risk (Cluster: At-Risk),0.9,No
FP0035,12.0,-0.5,2.0,12.0,5.0,High Risk (Cluster: At-Risk),0.9,No
FP0036,12.0,-0.5,2.0,12.0,5.0,High Risk (Cluster: At-Risk),0.9,No
FP0037,12.0,-0.5,2.0,12.0,5.0,High Risk (Cluster: At-Risk),0.9,No
FP0038,12.0,-0.5,2.0,12.0,5.0,High Risk (Cluster: At-Risk),0.9,No
FN0000,8.0,0.5,3.0,24.0,15.0,Low Risk (Cluster: Stable),0.1,Yes
FN0001,8.0,0.5,3.0,24.0,15.0,Low Risk (Cluster: Stable),0.1,Yes
FN0002,8.0,0.5,3.0,24.0,15.0,Low Risk (Cluster: Stable),0.1,Yes
FN0003,8.0,0.5,3.0,24.0,15.0,Low Risk (Cluster: Stable),0.1,Yes
FN0004,8.0,0.5,3.0,24.0,15.0,Low Risk (Cluster: Stable),0.1,Yes
FN0005,8.0,0.5,3.0,24.0,15.0,Low Risk (Cluster: Stable),0.1,Yes
FN0006,8.0,0.5,3.0,24.0,15.0,Low Risk (Cluster: Stable),0.1,Yes
FN0007,8.0,0.5,3.0,24.0,15.0,Low Risk (Cluster: Stable),0.1,Yes
FN0008,8.0,0.5,3.0,24.0,15.0,Low Risk (Cluster: Stable),0.1,Yes
FN0009,8.0,0.5,3.0,24.0,15.0,Low Risk (Cluster: Stable),0.1,Yes
FN0010,8.0,0.5,3.0,24.0,15.0,Low Risk (Cluster: Stable),0.1,Yes
FN0011,8.0,0.5,3.0,24.0,15.0,Low Risk (Cluster: Stable),0.1,Yes
FN0012,8.0,0.5,3.0,24.0,15.0,Low Risk (Cluster: Stable),0.1,Yes
FN0013,8.0,0.5,3.0,24.0,15.0,Low Risk (Cluster: Stable),0.1,Yes
FN0014,8.0,0.5,3.0,24.0,15.0,Low Risk (Cluster: Stable),0.1,Yes
FN0015,8.0,0.5,3.0,24.0,15.0,Low Risk (Cluster: Stable),0.1,Yes
FN0016,8.0,0.5,3.0,24.0,15.0,Low Risk (Cluster: Stable),0.1,Yes
FN0017,8.0,0.5,3.0,24.0,15.0,Low Risk (Cluster: Stable),0.1,Yes
FN0018,8.0,0.5,3.0,24.0,15.0,Low Risk (Cluster: Stable),0.1,Yes
FN0019,8.0,0.5,3.0,24.0,15.0,Low Risk (Cluster: Stable),0.1,Yes
FN0020,8.0,0.5,3.0,24.0,15.0,Low Risk (Cluster: Stable),0.1,Yes
FN0021,8.0,0.5,3.0,24.0,15.0,Low Risk (Cluster: Stable),0.1,Yes
FN0022,8.0,0.5,3.0,24.0,15.0,Low Risk (Cluster: Stable),0.1,Yes
FN0023,8.0,0.5,3.0,24.0,15.0,Low Risk (Cluster: Stable),0.1,Yes
FN0024,8.0,0.5,3.0,24.0,15.0,Low Risk (Cluster: Stable),0.1,Yes
FN0025,8.0,0.5,3.0,24.0,15.0,Low Risk (Cluster: Stable),0.1,Yes
FN0026,8.0,0.5,3.0,24.0,15.0,Low Risk (Cluster: Stable),0.1,Yes
FN0027,8.0,0.5,3.0,24.0,15.0,Low Risk (Cluster: Stable),0.1,Yes
FN0028,8.0,0.5,3.0,24.0,15.0,Low Risk (Cluster: Stable),0.1,Yes
FN0029,8.0,0.5,3.0,24.0,15.0,Low Risk (Cluster: Stable),0.1,Yes
FN0030,8.0,0.5,3.0,24.0,15.0,Low Risk (Cluster: Stable),0.1,Yes
FN0031,8.0,0.5,3.0,24.0,15.0,Low Risk (Cluster: Stable),0.1,Yes
FN0032,8.0,0.5,3.0,24.0,15.0,Low Risk (Cluster: Stable),0.1,Yes
FN0033,8.0,0.5,3.0,24.0,15.0,Low Risk (Cluster: Stable),0.1,Yes
FN0034,8.0,0.5,3.0,24.0,15.0,Low Risk (Cluster: Stable),0.1,Yes
FN0035,8.0,0.5,3.0,24.0,15.0,Low Risk (Cluster: Stable),0.1,Yes
FN0036,8.0,0.5,3.0,24.0,15.0,Low Risk (Cluster: Stable),0.1,Yes
FN0037,8.0,0.5,3.0,24.0,15.0,Low Risk (Cluster: Stable),0.1,Yes
FN0038,8.0,0.5,3.0,24.0,15.0,Low Risk (Cluster: Stable),0.1,Yes
FN0039,8.0,0.5,3.0,24.0,15.0,Low Risk (Cluster: Stable),0.1,Yes
FN0040,8.0,0.5,3.0,24.0,15.0,Low Risk (Cluster: Stable),0.1,Yes
